No,URL,Author,AuthorURL,Condition
160,https://images.pexels.com/photos/3783038/pexels-photo-3783038.jpeg?auto=compress&cs=tinysrgb&h=350,Andrea Piacquadio,https://www.pexels.com/@olly,wrinkles
161,https://images.pexels.com/photos/3783138/pexels-photo-3783138.jpeg?auto=compress&cs=tinysrgb&h=350,Andrea Piacquadio,https://www.pexels.com/@olly,wrinkles
162,https://images.pexels.com/photos/3783140/pexels-photo-3783140.jpeg?auto=compress&cs=tinysrgb&h=350,Andrea Piacquadio,https://www.pexels.com/@olly,wrinkles
163,https://images.pexels.com/photos/3797926/pexels-photo-3797926.jpeg?auto=compress&cs=tinysrgb&h=350,Brett Sayles,https://www.pexels.com/@brett-sayles,wrinkles
164,https://images.pexels.com/photos/3783472/pexels-photo-3783472.jpeg?auto=compress&cs=tinysrgb&h=350,Andrea Piacquadio,https://www.pexels.com/@olly,wrinkles
165,https://images.pexels.com/photos/3783460/pexels-photo-3783460.jpeg?auto=compress&cs=tinysrgb&h=350,Andrea Piacquadio,https://www.pexels.com/@olly,wrinkles
166,https://images.pexels.com/photos/3783402/pexels-photo-3783402.jpeg?auto=compress&cs=tinysrgb&h=350,Andrea Piacquadio,https://www.pexels.com/@olly,wrinkles
167,https://images.pexels.com/photos/3782156/pexels-photo-3782156.jpeg?auto=compress&cs=tinysrgb&h=350,Andrea Piacquadio,https://www.pexels.com/@olly,wrinkles
168,https://images.pexels.com/photos/3778220/pexels-photo-3778220.jpeg?auto=compress&cs=tinysrgb&h=350,cottonbro,https://www.pexels.com/@cottonbro,wrinkles
169,https://images.pexels.com/photos/5028419/pexels-photo-5028419.jpeg?auto=compress&cs=tinysrgb&h=350,cottonbro,https://www.pexels.com/@cottonbro,wrinkles
170,https://images.pexels.com/photos/2643043/pexels-photo-2643043.jpeg?auto=compress&cs=tinysrgb&h=350,Pratik Adarsh,https://www.pexels.com/@pratik-adarsh-1281013,wrinkles
171,https://images.pexels.com/photos/2782998/pexels-photo-2782998.jpeg?auto=compress&cs=tinysrgb&h=350,Robert  Stokoe,https://www.pexels.com/@robert-stokoe-105922,wrinkles
172,https://images.pexels.com/photos/2981144/pexels-photo-2981144.jpeg?auto=compress&cs=tinysrgb&h=350,Aa Dil,https://www.pexels.com/@aadil,wrinkles
173,https://images.pexels.com/photos/3420957/pexels-photo-3420957.jpeg?auto=compress&cs=tinysrgb&h=350,Somya Dinkar,https://www.pexels.com/@somyadinkar,wrinkles
174,https://images.pexels.com/photos/2382667/pexels-photo-2382667.jpeg?auto=compress&cs=tinysrgb&h=350,Kelly Lacy,https://www.pexels.com/@kelly-lacy-1179532,wrinkles
175,https://images.pexels.com/photos/2798154/pexels-photo-2798154.jpeg?auto=compress&cs=tinysrgb&h=350,Brett Sayles,https://www.pexels.com/@brett-sayles,wrinkles
176,https://images.pexels.com/photos/3831622/pexels-photo-3831622.jpeg?auto=compress&cs=tinysrgb&h=350,Andrea Piacquadio,https://www.pexels.com/@olly,wrinkles
177,https://images.pexels.com/photos/2153086/pexels-photo-2153086.jpeg?auto=compress&cs=tinysrgb&h=350,Quang Nguyen Vinh,https://www.pexels.com/@quang-nguyen-vinh-222549,wrinkles
178,https://images.pexels.com/photos/2769004/pexels-photo-2769004.jpeg?auto=compress&cs=tinysrgb&h=350,Paul Theodor Oja,https://www.pexels.com/@paultheodoroja,wrinkles
179,https://images.pexels.com/photos/3442578/pexels-photo-3442578.jpeg?auto=compress&cs=tinysrgb&h=350,Vipin Antony,https://www.pexels.com/@vipin-antony-1823221,wrinkles
180,https://images.pexels.com/photos/2385044/pexels-photo-2385044.jpeg?auto=compress&cs=tinysrgb&h=350,Nishant Aneja,https://www.pexels.com/@nishantaneja,wrinkles
181,https://images.pexels.com/photos/2344625/pexels-photo-2344625.jpeg?auto=compress&cs=tinysrgb&h=350,Korhan Erdol,https://www.pexels.com/@korhan-erdol-1123380,wrinkles
182,https://images.pexels.com/photos/2403406/pexels-photo-2403406.jpeg?auto=compress&cs=tinysrgb&h=350,Jeff Gendelman,https://www.pexels.com/@jeff-gendelman-1263124,wrinkles
183,https://images.pexels.com/photos/3714770/pexels-photo-3714770.jpeg?auto=compress&cs=tinysrgb&h=350,Robi Pastores,https://www.pexels.com/@robi-pastores-2084052,wrinkles
184,https://images.pexels.com/photos/3605867/pexels-photo-3605867.jpeg?auto=compress&cs=tinysrgb&h=350,Ryan Miguel Capili,https://www.pexels.com/@ryan-miguel-capili-1710923,wrinkles
185,https://images.pexels.com/photos/671656/pexels-photo-671656.jpeg?auto=compress&cs=tinysrgb&h=350,Suket Dedhia,https://www.pexels.com/@suketdedhia,wrinkles
186,https://images.pexels.com/photos/881837/pexels-photo-881837.jpeg?auto=compress&cs=tinysrgb&h=350,Riya Kumari,https://www.pexels.com/@riyakumari08,wrinkles
187,https://images.pexels.com/photos/2955792/pexels-photo-2955792.jpeg?auto=compress&cs=tinysrgb&h=350,Phuc Pham,https://www.pexels.com/@phamtanphuc,wrinkles
188,https://images.pexels.com/photos/3019414/pexels-photo-3019414.jpeg?auto=compress&cs=tinysrgb&h=350,Ajeet  Singh,https://www.pexels.com/@ajeet-singh-1570263,wrinkles
189,https://images.pexels.com/photos/3019404/pexels-photo-3019404.jpeg?auto=compress&cs=tinysrgb&h=350,Ajeet  Singh,https://www.pexels.com/@ajeet-singh-1570263,wrinkles
190,https://images.pexels.com/photos/3117822/pexels-photo-3117822.jpeg?auto=compress&cs=tinysrgb&h=350,EYÃœP BELEN,https://www.pexels.com/@eyupbelen,wrinkles
191,https://images.pexels.com/photos/3867124/pexels-photo-3867124.jpeg?auto=compress&cs=tinysrgb&h=350,RF._.studio,https://www.pexels.com/@rethaferguson,wrinkles
192,https://images.pexels.com/photos/3867173/pexels-photo-3867173.jpeg?auto=compress&cs=tinysrgb&h=350,RF._.studio,https://www.pexels.com/@rethaferguson,wrinkles
193,https://images.pexels.com/photos/3867192/pexels-photo-3867192.jpeg?auto=compress&cs=tinysrgb&h=350,RF._.studio,https://www.pexels.com/@rethaferguson,wrinkles
194,https://images.pexels.com/photos/3867094/pexels-photo-3867094.jpeg?auto=compress&cs=tinysrgb&h=350,RF._.studio,https://www.pexels.com/@rethaferguson,wrinkles
195,https://images.pexels.com/photos/3867105/pexels-photo-3867105.jpeg?auto=compress&cs=tinysrgb&h=350,RF._.studio,https://www.pexels.com/@rethaferguson,wrinkles
196,https://images.pexels.com/photos/3867104/pexels-photo-3867104.jpeg?auto=compress&cs=tinysrgb&h=350,RF._.studio,https://www.pexels.com/@rethaferguson,wrinkles
197,https://images.pexels.com/photos/3867108/pexels-photo-3867108.jpeg?auto=compress&cs=tinysrgb&h=350,RF._.studio,https://www.pexels.com/@rethaferguson,wrinkles
198,https://images.pexels.com/photos/2655471/pexels-photo-2655471.jpeg?auto=compress&cs=tinysrgb&h=350,Nishant Aneja,https://www.pexels.com/@nishantaneja,wrinkles
199,https://images.pexels.com/photos/2422405/pexels-photo-2422405.jpeg?auto=compress&cs=tinysrgb&h=350,Daria Sannikova,https://www.pexels.com/@dariabuntaria,wrinkles
200,https://images.pexels.com/photos/2450818/pexels-photo-2450818.jpeg?auto=compress&cs=tinysrgb&h=350,Yogendra  Singh,https://www.pexels.com/@yogendras31,wrinkles
201,https://images.pexels.com/photos/2482335/pexels-photo-2482335.jpeg?auto=compress&cs=tinysrgb&h=350,Rene Asmussen,https://www.pexels.com/@reneasmussen,wrinkles
202,https://images.pexels.com/photos/3149857/pexels-photo-3149857.jpeg?auto=compress&cs=tinysrgb&h=350,cottonbro,https://www.pexels.com/@cottonbro,wrinkles
203,https://images.pexels.com/photos/2600399/pexels-photo-2600399.jpeg?auto=compress&cs=tinysrgb&h=350,Dids,https://www.pexels.com/@didsss,wrinkles
204,https://images.pexels.com/photos/3782973/pexels-photo-3782973.jpeg?auto=compress&cs=tinysrgb&h=350,Andrea Piacquadio,https://www.pexels.com/@olly,wrinkles
205,https://images.pexels.com/photos/3782993/pexels-photo-3782993.jpeg?auto=compress&cs=tinysrgb&h=350,Andrea Piacquadio,https://www.pexels.com/@olly,wrinkles
206,https://images.pexels.com/photos/3783185/pexels-photo-3783185.jpeg?auto=compress&cs=tinysrgb&h=350,Andrea Piacquadio,https://www.pexels.com/@olly,wrinkles
207,https://images.pexels.com/photos/3867165/pexels-photo-3867165.jpeg?auto=compress&cs=tinysrgb&h=350,RF._.studio,https://www.pexels.com/@rethaferguson,wrinkles
208,https://images.pexels.com/photos/4594022/pexels-photo-4594022.jpeg?auto=compress&cs=tinysrgb&h=350,Karolina Grabowska,https://www.pexels.com/@karolina-grabowska,wrinkles
209,https://images.pexels.com/photos/2598027/pexels-photo-2598027.jpeg?auto=compress&cs=tinysrgb&h=350,Aa Dil,https://www.pexels.com/@aadil,wrinkles
210,https://images.pexels.com/photos/3783424/pexels-photo-3783424.jpeg?auto=compress&cs=tinysrgb&h=350,Andrea Piacquadio,https://www.pexels.com/@olly,wrinkles
211,https://images.pexels.com/photos/3785046/pexels-photo-3785046.jpeg?auto=compress&cs=tinysrgb&h=350,Andrea Piacquadio,https://www.pexels.com/@olly,wrinkles
212,https://images.pexels.com/photos/3778225/pexels-photo-3778225.jpeg?auto=compress&cs=tinysrgb&h=350,cottonbro,https://www.pexels.com/@cottonbro,wrinkles
213,https://images.pexels.com/photos/3782170/pexels-photo-3782170.jpeg?auto=compress&cs=tinysrgb&h=350,Andrea Piacquadio,https://www.pexels.com/@olly,wrinkles
214,https://images.pexels.com/photos/3782154/pexels-photo-3782154.jpeg?auto=compress&cs=tinysrgb&h=350,Andrea Piacquadio,https://www.pexels.com/@olly,wrinkles
215,https://images.pexels.com/photos/2700073/pexels-photo-2700073.jpeg?auto=compress&cs=tinysrgb&h=350,Matej,https://www.pexels.com/@matej-117839,wrinkles
216,https://images.pexels.com/photos/2050992/pexels-photo-2050992.jpeg?auto=compress&cs=tinysrgb&h=350,Edu Carvalho,https://www.pexels.com/@educarvalho,wrinkles
217,https://images.pexels.com/photos/3823486/pexels-photo-3823486.jpeg?auto=compress&cs=tinysrgb&h=350,Andrea Piacquadio,https://www.pexels.com/@olly,wrinkles
218,https://images.pexels.com/photos/2382890/pexels-photo-2382890.jpeg?auto=compress&cs=tinysrgb&h=350,Kelly Lacy,https://www.pexels.com/@kelly-lacy-1179532,wrinkles
219,https://images.pexels.com/photos/3222690/pexels-photo-3222690.jpeg?auto=compress&cs=tinysrgb&h=350,Pratikxox,https://www.pexels.com/@pratikxox-1643052,wrinkles
220,https://images.pexels.com/photos/5028441/pexels-photo-5028441.jpeg?auto=compress&cs=tinysrgb&h=350,cottonbro,https://www.pexels.com/@cottonbro,wrinkles
221,https://images.pexels.com/photos/5044110/pexels-photo-5044110.jpeg?auto=compress&cs=tinysrgb&h=350,cottonbro,https://www.pexels.com/@cottonbro,wrinkles
222,https://images.pexels.com/photos/5044106/pexels-photo-5044106.jpeg?auto=compress&cs=tinysrgb&h=350,cottonbro,https://www.pexels.com/@cottonbro,wrinkles
223,https://images.pexels.com/photos/5044100/pexels-photo-5044100.jpeg?auto=compress&cs=tinysrgb&h=350,cottonbro,https://www.pexels.com/@cottonbro,wrinkles
224,https://images.pexels.com/photos/2795666/pexels-photo-2795666.jpeg?auto=compress&cs=tinysrgb&h=350,Your Photo Trips,https://www.pexels.com/@yourphototrips,wrinkles
225,https://images.pexels.com/photos/3823444/pexels-photo-3823444.jpeg?auto=compress&cs=tinysrgb&h=350,Andrea Piacquadio,https://www.pexels.com/@olly,wrinkles
226,https://images.pexels.com/photos/3272493/pexels-photo-3272493.jpeg?auto=compress&cs=tinysrgb&h=350,Goran Tesanovic,https://www.pexels.com/@goran-tesanovic-1716470,wrinkles
227,https://images.pexels.com/photos/2969470/pexels-photo-2969470.jpeg?auto=compress&cs=tinysrgb&h=350,Rahul Pandit,https://www.pexels.com/@rahulp9800,wrinkles
228,https://images.pexels.com/photos/2387879/pexels-photo-2387879.jpeg?auto=compress&cs=tinysrgb&h=350,Thomas Ronveaux,https://www.pexels.com/@thomasronveaux,wrinkles
229,https://images.pexels.com/photos/2344594/pexels-photo-2344594.jpeg?auto=compress&cs=tinysrgb&h=350,Korhan Erdol,https://www.pexels.com/@korhan-erdol-1123380,wrinkles
230,https://images.pexels.com/photos/3024600/pexels-photo-3024600.jpeg?auto=compress&cs=tinysrgb&h=350,Yulia Rozanova,https://www.pexels.com/@rozanova,wrinkles
231,https://images.pexels.com/photos/3583722/pexels-photo-3583722.jpeg?auto=compress&cs=tinysrgb&h=350,Bhavyata Nimavat,https://www.pexels.com/@bhavyata-nimavat-1880936,wrinkles
232,https://images.pexels.com/photos/2924869/pexels-photo-2924869.jpeg?auto=compress&cs=tinysrgb&h=350,Clay Kraze,https://www.pexels.com/@claykraze,wrinkles
233,https://images.pexels.com/photos/3024607/pexels-photo-3024607.jpeg?auto=compress&cs=tinysrgb&h=350,Yulia Rozanova,https://www.pexels.com/@rozanova,wrinkles
234,https://images.pexels.com/photos/3867190/pexels-photo-3867190.jpeg?auto=compress&cs=tinysrgb&h=350,RF._.studio,https://www.pexels.com/@rethaferguson,wrinkles
235,https://images.pexels.com/photos/3867099/pexels-photo-3867099.jpeg?auto=compress&cs=tinysrgb&h=350,RF._.studio,https://www.pexels.com/@rethaferguson,wrinkles
236,https://images.pexels.com/photos/3867125/pexels-photo-3867125.jpeg?auto=compress&cs=tinysrgb&h=350,RF._.studio,https://www.pexels.com/@rethaferguson,wrinkles
237,https://images.pexels.com/photos/2421461/pexels-photo-2421461.jpeg?auto=compress&cs=tinysrgb&h=350,Prince Kumar,https://www.pexels.com/@prince-kumar-781937,wrinkles
238,https://images.pexels.com/photos/3067614/pexels-photo-3067614.jpeg?auto=compress&cs=tinysrgb&h=350,Thegiansepillo,https://www.pexels.com/@thegiansepillo-1595943,wrinkles
239,https://images.pexels.com/photos/3119917/pexels-photo-3119917.jpeg?auto=compress&cs=tinysrgb&h=350,Kelly Lacy,https://www.pexels.com/@kelly-lacy-1179532,wrinkles
