id,path,label
0,C:\Users\Irfan\Documents\Python\FYPSkinMeasure\Dataset [Clean]\grayscaled_resized_lesions_2\g_img1.jpg,1
1,C:\Users\Irfan\Documents\Python\FYPSkinMeasure\Dataset [Clean]\grayscaled_resized_lesions_2\g_img10.jpg,1
2,C:\Users\Irfan\Documents\Python\FYPSkinMeasure\Dataset [Clean]\grayscaled_resized_lesions_2\g_img100.jpg,1
3,C:\Users\Irfan\Documents\Python\FYPSkinMeasure\Dataset [Clean]\grayscaled_resized_lesions_2\g_img101.jpg,1
4,C:\Users\Irfan\Documents\Python\FYPSkinMeasure\Dataset [Clean]\grayscaled_resized_lesions_2\g_img102.jpg,1
5,C:\Users\Irfan\Documents\Python\FYPSkinMeasure\Dataset [Clean]\grayscaled_resized_lesions_2\g_img103.jpg,1
6,C:\Users\Irfan\Documents\Python\FYPSkinMeasure\Dataset [Clean]\grayscaled_resized_lesions_2\g_img104.jpg,1
7,C:\Users\Irfan\Documents\Python\FYPSkinMeasure\Dataset [Clean]\grayscaled_resized_lesions_2\g_img105.jpg,1
8,C:\Users\Irfan\Documents\Python\FYPSkinMeasure\Dataset [Clean]\grayscaled_resized_lesions_2\g_img106.jpg,1
9,C:\Users\Irfan\Documents\Python\FYPSkinMeasure\Dataset [Clean]\grayscaled_resized_lesions_2\g_img107.jpg,1
10,C:\Users\Irfan\Documents\Python\FYPSkinMeasure\Dataset [Clean]\grayscaled_resized_lesions_2\g_img108.jpg,1
11,C:\Users\Irfan\Documents\Python\FYPSkinMeasure\Dataset [Clean]\grayscaled_resized_lesions_2\g_img109.jpg,1
12,C:\Users\Irfan\Documents\Python\FYPSkinMeasure\Dataset [Clean]\grayscaled_resized_lesions_2\g_img11.jpg,1
13,C:\Users\Irfan\Documents\Python\FYPSkinMeasure\Dataset [Clean]\grayscaled_resized_lesions_2\g_img110.jpg,1
14,C:\Users\Irfan\Documents\Python\FYPSkinMeasure\Dataset [Clean]\grayscaled_resized_lesions_2\g_img111.jpg,1
15,C:\Users\Irfan\Documents\Python\FYPSkinMeasure\Dataset [Clean]\grayscaled_resized_lesions_2\g_img112.jpg,1
16,C:\Users\Irfan\Documents\Python\FYPSkinMeasure\Dataset [Clean]\grayscaled_resized_lesions_2\g_img113.jpg,1
17,C:\Users\Irfan\Documents\Python\FYPSkinMeasure\Dataset [Clean]\grayscaled_resized_lesions_2\g_img114.jpg,1
18,C:\Users\Irfan\Documents\Python\FYPSkinMeasure\Dataset [Clean]\grayscaled_resized_lesions_2\g_img115.jpg,1
19,C:\Users\Irfan\Documents\Python\FYPSkinMeasure\Dataset [Clean]\grayscaled_resized_lesions_2\g_img116.jpg,1
20,C:\Users\Irfan\Documents\Python\FYPSkinMeasure\Dataset [Clean]\grayscaled_resized_lesions_2\g_img117.jpg,1
21,C:\Users\Irfan\Documents\Python\FYPSkinMeasure\Dataset [Clean]\grayscaled_resized_lesions_2\g_img118.jpg,1
22,C:\Users\Irfan\Documents\Python\FYPSkinMeasure\Dataset [Clean]\grayscaled_resized_lesions_2\g_img119.jpg,1
23,C:\Users\Irfan\Documents\Python\FYPSkinMeasure\Dataset [Clean]\grayscaled_resized_lesions_2\g_img12.jpg,1
24,C:\Users\Irfan\Documents\Python\FYPSkinMeasure\Dataset [Clean]\grayscaled_resized_lesions_2\g_img120.jpg,1
25,C:\Users\Irfan\Documents\Python\FYPSkinMeasure\Dataset [Clean]\grayscaled_resized_lesions_2\g_img121.jpg,1
26,C:\Users\Irfan\Documents\Python\FYPSkinMeasure\Dataset [Clean]\grayscaled_resized_lesions_2\g_img122.jpg,1
27,C:\Users\Irfan\Documents\Python\FYPSkinMeasure\Dataset [Clean]\grayscaled_resized_lesions_2\g_img123.jpg,1
28,C:\Users\Irfan\Documents\Python\FYPSkinMeasure\Dataset [Clean]\grayscaled_resized_lesions_2\g_img124.jpg,1
29,C:\Users\Irfan\Documents\Python\FYPSkinMeasure\Dataset [Clean]\grayscaled_resized_lesions_2\g_img125.jpg,1
30,C:\Users\Irfan\Documents\Python\FYPSkinMeasure\Dataset [Clean]\grayscaled_resized_lesions_2\g_img126.jpg,1
31,C:\Users\Irfan\Documents\Python\FYPSkinMeasure\Dataset [Clean]\grayscaled_resized_lesions_2\g_img127.jpg,1
32,C:\Users\Irfan\Documents\Python\FYPSkinMeasure\Dataset [Clean]\grayscaled_resized_lesions_2\g_img128.jpg,1
33,C:\Users\Irfan\Documents\Python\FYPSkinMeasure\Dataset [Clean]\grayscaled_resized_lesions_2\g_img129.jpg,1
34,C:\Users\Irfan\Documents\Python\FYPSkinMeasure\Dataset [Clean]\grayscaled_resized_lesions_2\g_img13.jpg,1
35,C:\Users\Irfan\Documents\Python\FYPSkinMeasure\Dataset [Clean]\grayscaled_resized_lesions_2\g_img130.jpg,1
36,C:\Users\Irfan\Documents\Python\FYPSkinMeasure\Dataset [Clean]\grayscaled_resized_lesions_2\g_img131.jpg,1
37,C:\Users\Irfan\Documents\Python\FYPSkinMeasure\Dataset [Clean]\grayscaled_resized_lesions_2\g_img132.jpg,1
38,C:\Users\Irfan\Documents\Python\FYPSkinMeasure\Dataset [Clean]\grayscaled_resized_lesions_2\g_img133.jpg,1
39,C:\Users\Irfan\Documents\Python\FYPSkinMeasure\Dataset [Clean]\grayscaled_resized_lesions_2\g_img134.jpg,1
40,C:\Users\Irfan\Documents\Python\FYPSkinMeasure\Dataset [Clean]\grayscaled_resized_lesions_2\g_img135.jpg,1
41,C:\Users\Irfan\Documents\Python\FYPSkinMeasure\Dataset [Clean]\grayscaled_resized_lesions_2\g_img136.jpg,1
42,C:\Users\Irfan\Documents\Python\FYPSkinMeasure\Dataset [Clean]\grayscaled_resized_lesions_2\g_img137.jpg,1
43,C:\Users\Irfan\Documents\Python\FYPSkinMeasure\Dataset [Clean]\grayscaled_resized_lesions_2\g_img138.jpg,1
44,C:\Users\Irfan\Documents\Python\FYPSkinMeasure\Dataset [Clean]\grayscaled_resized_lesions_2\g_img139.jpg,1
45,C:\Users\Irfan\Documents\Python\FYPSkinMeasure\Dataset [Clean]\grayscaled_resized_lesions_2\g_img14.jpg,1
46,C:\Users\Irfan\Documents\Python\FYPSkinMeasure\Dataset [Clean]\grayscaled_resized_lesions_2\g_img140.jpg,1
47,C:\Users\Irfan\Documents\Python\FYPSkinMeasure\Dataset [Clean]\grayscaled_resized_lesions_2\g_img141.jpg,1
48,C:\Users\Irfan\Documents\Python\FYPSkinMeasure\Dataset [Clean]\grayscaled_resized_lesions_2\g_img142.jpg,1
49,C:\Users\Irfan\Documents\Python\FYPSkinMeasure\Dataset [Clean]\grayscaled_resized_lesions_2\g_img143.jpg,1
50,C:\Users\Irfan\Documents\Python\FYPSkinMeasure\Dataset [Clean]\grayscaled_resized_lesions_2\g_img144.jpg,1
51,C:\Users\Irfan\Documents\Python\FYPSkinMeasure\Dataset [Clean]\grayscaled_resized_lesions_2\g_img145.jpg,1
52,C:\Users\Irfan\Documents\Python\FYPSkinMeasure\Dataset [Clean]\grayscaled_resized_lesions_2\g_img146.jpg,1
53,C:\Users\Irfan\Documents\Python\FYPSkinMeasure\Dataset [Clean]\grayscaled_resized_lesions_2\g_img147.jpg,1
54,C:\Users\Irfan\Documents\Python\FYPSkinMeasure\Dataset [Clean]\grayscaled_resized_lesions_2\g_img148.jpg,1
55,C:\Users\Irfan\Documents\Python\FYPSkinMeasure\Dataset [Clean]\grayscaled_resized_lesions_2\g_img149.jpg,1
56,C:\Users\Irfan\Documents\Python\FYPSkinMeasure\Dataset [Clean]\grayscaled_resized_lesions_2\g_img15.jpg,1
57,C:\Users\Irfan\Documents\Python\FYPSkinMeasure\Dataset [Clean]\grayscaled_resized_lesions_2\g_img150.jpg,1
58,C:\Users\Irfan\Documents\Python\FYPSkinMeasure\Dataset [Clean]\grayscaled_resized_lesions_2\g_img151.jpg,1
59,C:\Users\Irfan\Documents\Python\FYPSkinMeasure\Dataset [Clean]\grayscaled_resized_lesions_2\g_img152.jpg,1
60,C:\Users\Irfan\Documents\Python\FYPSkinMeasure\Dataset [Clean]\grayscaled_resized_lesions_2\g_img153.jpg,1
61,C:\Users\Irfan\Documents\Python\FYPSkinMeasure\Dataset [Clean]\grayscaled_resized_lesions_2\g_img154.jpg,1
62,C:\Users\Irfan\Documents\Python\FYPSkinMeasure\Dataset [Clean]\grayscaled_resized_lesions_2\g_img155.jpg,1
63,C:\Users\Irfan\Documents\Python\FYPSkinMeasure\Dataset [Clean]\grayscaled_resized_lesions_2\g_img156.jpg,1
64,C:\Users\Irfan\Documents\Python\FYPSkinMeasure\Dataset [Clean]\grayscaled_resized_lesions_2\g_img157.jpg,1
65,C:\Users\Irfan\Documents\Python\FYPSkinMeasure\Dataset [Clean]\grayscaled_resized_lesions_2\g_img158.jpg,1
66,C:\Users\Irfan\Documents\Python\FYPSkinMeasure\Dataset [Clean]\grayscaled_resized_lesions_2\g_img159.jpg,1
67,C:\Users\Irfan\Documents\Python\FYPSkinMeasure\Dataset [Clean]\grayscaled_resized_lesions_2\g_img16.jpg,1
68,C:\Users\Irfan\Documents\Python\FYPSkinMeasure\Dataset [Clean]\grayscaled_resized_lesions_2\g_img160.jpg,1
69,C:\Users\Irfan\Documents\Python\FYPSkinMeasure\Dataset [Clean]\grayscaled_resized_lesions_2\g_img161.jpg,1
70,C:\Users\Irfan\Documents\Python\FYPSkinMeasure\Dataset [Clean]\grayscaled_resized_lesions_2\g_img162.jpg,1
71,C:\Users\Irfan\Documents\Python\FYPSkinMeasure\Dataset [Clean]\grayscaled_resized_lesions_2\g_img163.jpg,1
72,C:\Users\Irfan\Documents\Python\FYPSkinMeasure\Dataset [Clean]\grayscaled_resized_lesions_2\g_img164.jpg,1
73,C:\Users\Irfan\Documents\Python\FYPSkinMeasure\Dataset [Clean]\grayscaled_resized_lesions_2\g_img165.jpg,1
74,C:\Users\Irfan\Documents\Python\FYPSkinMeasure\Dataset [Clean]\grayscaled_resized_lesions_2\g_img166.jpg,1
75,C:\Users\Irfan\Documents\Python\FYPSkinMeasure\Dataset [Clean]\grayscaled_resized_lesions_2\g_img167.jpg,1
76,C:\Users\Irfan\Documents\Python\FYPSkinMeasure\Dataset [Clean]\grayscaled_resized_lesions_2\g_img168.jpg,1
77,C:\Users\Irfan\Documents\Python\FYPSkinMeasure\Dataset [Clean]\grayscaled_resized_lesions_2\g_img169.jpg,1
78,C:\Users\Irfan\Documents\Python\FYPSkinMeasure\Dataset [Clean]\grayscaled_resized_lesions_2\g_img17.jpg,1
79,C:\Users\Irfan\Documents\Python\FYPSkinMeasure\Dataset [Clean]\grayscaled_resized_lesions_2\g_img170.jpg,1
80,C:\Users\Irfan\Documents\Python\FYPSkinMeasure\Dataset [Clean]\grayscaled_resized_lesions_2\g_img171.jpg,1
81,C:\Users\Irfan\Documents\Python\FYPSkinMeasure\Dataset [Clean]\grayscaled_resized_lesions_2\g_img172.jpg,1
82,C:\Users\Irfan\Documents\Python\FYPSkinMeasure\Dataset [Clean]\grayscaled_resized_lesions_2\g_img173.jpg,1
83,C:\Users\Irfan\Documents\Python\FYPSkinMeasure\Dataset [Clean]\grayscaled_resized_lesions_2\g_img174.jpg,1
84,C:\Users\Irfan\Documents\Python\FYPSkinMeasure\Dataset [Clean]\grayscaled_resized_lesions_2\g_img175.jpg,1
85,C:\Users\Irfan\Documents\Python\FYPSkinMeasure\Dataset [Clean]\grayscaled_resized_lesions_2\g_img176.jpg,1
86,C:\Users\Irfan\Documents\Python\FYPSkinMeasure\Dataset [Clean]\grayscaled_resized_lesions_2\g_img177.jpg,1
87,C:\Users\Irfan\Documents\Python\FYPSkinMeasure\Dataset [Clean]\grayscaled_resized_lesions_2\g_img178.jpg,1
88,C:\Users\Irfan\Documents\Python\FYPSkinMeasure\Dataset [Clean]\grayscaled_resized_lesions_2\g_img179.jpg,1
89,C:\Users\Irfan\Documents\Python\FYPSkinMeasure\Dataset [Clean]\grayscaled_resized_lesions_2\g_img18.jpg,1
90,C:\Users\Irfan\Documents\Python\FYPSkinMeasure\Dataset [Clean]\grayscaled_resized_lesions_2\g_img180.jpg,1
91,C:\Users\Irfan\Documents\Python\FYPSkinMeasure\Dataset [Clean]\grayscaled_resized_lesions_2\g_img181.jpg,1
92,C:\Users\Irfan\Documents\Python\FYPSkinMeasure\Dataset [Clean]\grayscaled_resized_lesions_2\g_img182.jpg,1
93,C:\Users\Irfan\Documents\Python\FYPSkinMeasure\Dataset [Clean]\grayscaled_resized_lesions_2\g_img183.jpg,1
94,C:\Users\Irfan\Documents\Python\FYPSkinMeasure\Dataset [Clean]\grayscaled_resized_lesions_2\g_img184.jpg,1
95,C:\Users\Irfan\Documents\Python\FYPSkinMeasure\Dataset [Clean]\grayscaled_resized_lesions_2\g_img185.jpg,1
96,C:\Users\Irfan\Documents\Python\FYPSkinMeasure\Dataset [Clean]\grayscaled_resized_lesions_2\g_img186.jpg,1
97,C:\Users\Irfan\Documents\Python\FYPSkinMeasure\Dataset [Clean]\grayscaled_resized_lesions_2\g_img187.jpg,1
98,C:\Users\Irfan\Documents\Python\FYPSkinMeasure\Dataset [Clean]\grayscaled_resized_lesions_2\g_img188.jpg,1
99,C:\Users\Irfan\Documents\Python\FYPSkinMeasure\Dataset [Clean]\grayscaled_resized_lesions_2\g_img189.jpg,1
100,C:\Users\Irfan\Documents\Python\FYPSkinMeasure\Dataset [Clean]\grayscaled_resized_lesions_2\g_img19.jpg,1
101,C:\Users\Irfan\Documents\Python\FYPSkinMeasure\Dataset [Clean]\grayscaled_resized_lesions_2\g_img190.jpg,1
102,C:\Users\Irfan\Documents\Python\FYPSkinMeasure\Dataset [Clean]\grayscaled_resized_lesions_2\g_img191.jpg,1
103,C:\Users\Irfan\Documents\Python\FYPSkinMeasure\Dataset [Clean]\grayscaled_resized_lesions_2\g_img192.jpg,1
104,C:\Users\Irfan\Documents\Python\FYPSkinMeasure\Dataset [Clean]\grayscaled_resized_lesions_2\g_img193.jpg,1
105,C:\Users\Irfan\Documents\Python\FYPSkinMeasure\Dataset [Clean]\grayscaled_resized_lesions_2\g_img194.jpg,1
106,C:\Users\Irfan\Documents\Python\FYPSkinMeasure\Dataset [Clean]\grayscaled_resized_lesions_2\g_img195.jpg,1
107,C:\Users\Irfan\Documents\Python\FYPSkinMeasure\Dataset [Clean]\grayscaled_resized_lesions_2\g_img196.jpg,1
108,C:\Users\Irfan\Documents\Python\FYPSkinMeasure\Dataset [Clean]\grayscaled_resized_lesions_2\g_img197.jpg,1
109,C:\Users\Irfan\Documents\Python\FYPSkinMeasure\Dataset [Clean]\grayscaled_resized_lesions_2\g_img198.jpg,1
110,C:\Users\Irfan\Documents\Python\FYPSkinMeasure\Dataset [Clean]\grayscaled_resized_lesions_2\g_img199.jpg,1
111,C:\Users\Irfan\Documents\Python\FYPSkinMeasure\Dataset [Clean]\grayscaled_resized_lesions_2\g_img2.jpg,1
112,C:\Users\Irfan\Documents\Python\FYPSkinMeasure\Dataset [Clean]\grayscaled_resized_lesions_2\g_img20.jpg,1
113,C:\Users\Irfan\Documents\Python\FYPSkinMeasure\Dataset [Clean]\grayscaled_resized_lesions_2\g_img200.jpg,1
114,C:\Users\Irfan\Documents\Python\FYPSkinMeasure\Dataset [Clean]\grayscaled_resized_lesions_2\g_img201.jpg,1
115,C:\Users\Irfan\Documents\Python\FYPSkinMeasure\Dataset [Clean]\grayscaled_resized_lesions_2\g_img202.jpg,1
116,C:\Users\Irfan\Documents\Python\FYPSkinMeasure\Dataset [Clean]\grayscaled_resized_lesions_2\g_img203.jpg,1
117,C:\Users\Irfan\Documents\Python\FYPSkinMeasure\Dataset [Clean]\grayscaled_resized_lesions_2\g_img204.jpg,1
118,C:\Users\Irfan\Documents\Python\FYPSkinMeasure\Dataset [Clean]\grayscaled_resized_lesions_2\g_img205.jpg,1
119,C:\Users\Irfan\Documents\Python\FYPSkinMeasure\Dataset [Clean]\grayscaled_resized_lesions_2\g_img206.jpg,1
120,C:\Users\Irfan\Documents\Python\FYPSkinMeasure\Dataset [Clean]\grayscaled_resized_lesions_2\g_img207.jpg,1
121,C:\Users\Irfan\Documents\Python\FYPSkinMeasure\Dataset [Clean]\grayscaled_resized_lesions_2\g_img208.jpg,1
122,C:\Users\Irfan\Documents\Python\FYPSkinMeasure\Dataset [Clean]\grayscaled_resized_lesions_2\g_img209.jpg,1
123,C:\Users\Irfan\Documents\Python\FYPSkinMeasure\Dataset [Clean]\grayscaled_resized_lesions_2\g_img21.jpg,1
124,C:\Users\Irfan\Documents\Python\FYPSkinMeasure\Dataset [Clean]\grayscaled_resized_lesions_2\g_img210.jpg,1
125,C:\Users\Irfan\Documents\Python\FYPSkinMeasure\Dataset [Clean]\grayscaled_resized_lesions_2\g_img211.jpg,1
126,C:\Users\Irfan\Documents\Python\FYPSkinMeasure\Dataset [Clean]\grayscaled_resized_lesions_2\g_img212.jpg,1
127,C:\Users\Irfan\Documents\Python\FYPSkinMeasure\Dataset [Clean]\grayscaled_resized_lesions_2\g_img213.jpg,1
128,C:\Users\Irfan\Documents\Python\FYPSkinMeasure\Dataset [Clean]\grayscaled_resized_lesions_2\g_img214.jpg,1
129,C:\Users\Irfan\Documents\Python\FYPSkinMeasure\Dataset [Clean]\grayscaled_resized_lesions_2\g_img215.jpg,1
130,C:\Users\Irfan\Documents\Python\FYPSkinMeasure\Dataset [Clean]\grayscaled_resized_lesions_2\g_img216.jpg,1
131,C:\Users\Irfan\Documents\Python\FYPSkinMeasure\Dataset [Clean]\grayscaled_resized_lesions_2\g_img217.jpg,1
132,C:\Users\Irfan\Documents\Python\FYPSkinMeasure\Dataset [Clean]\grayscaled_resized_lesions_2\g_img218.jpg,1
133,C:\Users\Irfan\Documents\Python\FYPSkinMeasure\Dataset [Clean]\grayscaled_resized_lesions_2\g_img219.jpg,1
134,C:\Users\Irfan\Documents\Python\FYPSkinMeasure\Dataset [Clean]\grayscaled_resized_lesions_2\g_img22.jpg,1
135,C:\Users\Irfan\Documents\Python\FYPSkinMeasure\Dataset [Clean]\grayscaled_resized_lesions_2\g_img220.jpg,1
136,C:\Users\Irfan\Documents\Python\FYPSkinMeasure\Dataset [Clean]\grayscaled_resized_lesions_2\g_img221.jpg,1
137,C:\Users\Irfan\Documents\Python\FYPSkinMeasure\Dataset [Clean]\grayscaled_resized_lesions_2\g_img222.jpg,1
138,C:\Users\Irfan\Documents\Python\FYPSkinMeasure\Dataset [Clean]\grayscaled_resized_lesions_2\g_img223.jpg,1
139,C:\Users\Irfan\Documents\Python\FYPSkinMeasure\Dataset [Clean]\grayscaled_resized_lesions_2\g_img224.jpg,1
140,C:\Users\Irfan\Documents\Python\FYPSkinMeasure\Dataset [Clean]\grayscaled_resized_lesions_2\g_img225.jpg,1
141,C:\Users\Irfan\Documents\Python\FYPSkinMeasure\Dataset [Clean]\grayscaled_resized_lesions_2\g_img226.jpg,1
142,C:\Users\Irfan\Documents\Python\FYPSkinMeasure\Dataset [Clean]\grayscaled_resized_lesions_2\g_img227.jpg,1
143,C:\Users\Irfan\Documents\Python\FYPSkinMeasure\Dataset [Clean]\grayscaled_resized_lesions_2\g_img228.jpg,1
144,C:\Users\Irfan\Documents\Python\FYPSkinMeasure\Dataset [Clean]\grayscaled_resized_lesions_2\g_img229.jpg,1
145,C:\Users\Irfan\Documents\Python\FYPSkinMeasure\Dataset [Clean]\grayscaled_resized_lesions_2\g_img23.jpg,1
146,C:\Users\Irfan\Documents\Python\FYPSkinMeasure\Dataset [Clean]\grayscaled_resized_lesions_2\g_img230.jpg,1
147,C:\Users\Irfan\Documents\Python\FYPSkinMeasure\Dataset [Clean]\grayscaled_resized_lesions_2\g_img231.jpg,1
148,C:\Users\Irfan\Documents\Python\FYPSkinMeasure\Dataset [Clean]\grayscaled_resized_lesions_2\g_img232.jpg,1
149,C:\Users\Irfan\Documents\Python\FYPSkinMeasure\Dataset [Clean]\grayscaled_resized_lesions_2\g_img233.jpg,1
150,C:\Users\Irfan\Documents\Python\FYPSkinMeasure\Dataset [Clean]\grayscaled_resized_lesions_2\g_img234.jpg,1
151,C:\Users\Irfan\Documents\Python\FYPSkinMeasure\Dataset [Clean]\grayscaled_resized_lesions_2\g_img235.jpg,1
152,C:\Users\Irfan\Documents\Python\FYPSkinMeasure\Dataset [Clean]\grayscaled_resized_lesions_2\g_img236.jpg,1
153,C:\Users\Irfan\Documents\Python\FYPSkinMeasure\Dataset [Clean]\grayscaled_resized_lesions_2\g_img237.jpg,1
154,C:\Users\Irfan\Documents\Python\FYPSkinMeasure\Dataset [Clean]\grayscaled_resized_lesions_2\g_img238.jpg,1
155,C:\Users\Irfan\Documents\Python\FYPSkinMeasure\Dataset [Clean]\grayscaled_resized_lesions_2\g_img239.jpg,1
156,C:\Users\Irfan\Documents\Python\FYPSkinMeasure\Dataset [Clean]\grayscaled_resized_lesions_2\g_img24.jpg,1
157,C:\Users\Irfan\Documents\Python\FYPSkinMeasure\Dataset [Clean]\grayscaled_resized_lesions_2\g_img240.jpg,1
158,C:\Users\Irfan\Documents\Python\FYPSkinMeasure\Dataset [Clean]\grayscaled_resized_lesions_2\g_img241.jpg,1
159,C:\Users\Irfan\Documents\Python\FYPSkinMeasure\Dataset [Clean]\grayscaled_resized_lesions_2\g_img242.jpg,1
160,C:\Users\Irfan\Documents\Python\FYPSkinMeasure\Dataset [Clean]\grayscaled_resized_lesions_2\g_img243.jpg,1
161,C:\Users\Irfan\Documents\Python\FYPSkinMeasure\Dataset [Clean]\grayscaled_resized_lesions_2\g_img244.jpg,1
162,C:\Users\Irfan\Documents\Python\FYPSkinMeasure\Dataset [Clean]\grayscaled_resized_lesions_2\g_img245.jpg,1
163,C:\Users\Irfan\Documents\Python\FYPSkinMeasure\Dataset [Clean]\grayscaled_resized_lesions_2\g_img246.jpg,1
164,C:\Users\Irfan\Documents\Python\FYPSkinMeasure\Dataset [Clean]\grayscaled_resized_lesions_2\g_img247.jpg,1
165,C:\Users\Irfan\Documents\Python\FYPSkinMeasure\Dataset [Clean]\grayscaled_resized_lesions_2\g_img248.jpg,1
166,C:\Users\Irfan\Documents\Python\FYPSkinMeasure\Dataset [Clean]\grayscaled_resized_lesions_2\g_img249.jpg,1
167,C:\Users\Irfan\Documents\Python\FYPSkinMeasure\Dataset [Clean]\grayscaled_resized_lesions_2\g_img25.jpg,1
168,C:\Users\Irfan\Documents\Python\FYPSkinMeasure\Dataset [Clean]\grayscaled_resized_lesions_2\g_img250.jpg,1
169,C:\Users\Irfan\Documents\Python\FYPSkinMeasure\Dataset [Clean]\grayscaled_resized_lesions_2\g_img251.jpg,1
170,C:\Users\Irfan\Documents\Python\FYPSkinMeasure\Dataset [Clean]\grayscaled_resized_lesions_2\g_img252.jpg,1
171,C:\Users\Irfan\Documents\Python\FYPSkinMeasure\Dataset [Clean]\grayscaled_resized_lesions_2\g_img253.jpg,1
172,C:\Users\Irfan\Documents\Python\FYPSkinMeasure\Dataset [Clean]\grayscaled_resized_lesions_2\g_img254.jpg,1
173,C:\Users\Irfan\Documents\Python\FYPSkinMeasure\Dataset [Clean]\grayscaled_resized_lesions_2\g_img255.jpg,1
174,C:\Users\Irfan\Documents\Python\FYPSkinMeasure\Dataset [Clean]\grayscaled_resized_lesions_2\g_img256.jpg,1
175,C:\Users\Irfan\Documents\Python\FYPSkinMeasure\Dataset [Clean]\grayscaled_resized_lesions_2\g_img257.jpg,1
176,C:\Users\Irfan\Documents\Python\FYPSkinMeasure\Dataset [Clean]\grayscaled_resized_lesions_2\g_img258.jpg,1
177,C:\Users\Irfan\Documents\Python\FYPSkinMeasure\Dataset [Clean]\grayscaled_resized_lesions_2\g_img259.jpg,1
178,C:\Users\Irfan\Documents\Python\FYPSkinMeasure\Dataset [Clean]\grayscaled_resized_lesions_2\g_img26.jpg,1
179,C:\Users\Irfan\Documents\Python\FYPSkinMeasure\Dataset [Clean]\grayscaled_resized_lesions_2\g_img260.jpg,1
180,C:\Users\Irfan\Documents\Python\FYPSkinMeasure\Dataset [Clean]\grayscaled_resized_lesions_2\g_img261.jpg,1
181,C:\Users\Irfan\Documents\Python\FYPSkinMeasure\Dataset [Clean]\grayscaled_resized_lesions_2\g_img262.jpg,1
182,C:\Users\Irfan\Documents\Python\FYPSkinMeasure\Dataset [Clean]\grayscaled_resized_lesions_2\g_img263.jpg,1
183,C:\Users\Irfan\Documents\Python\FYPSkinMeasure\Dataset [Clean]\grayscaled_resized_lesions_2\g_img264.jpg,1
184,C:\Users\Irfan\Documents\Python\FYPSkinMeasure\Dataset [Clean]\grayscaled_resized_lesions_2\g_img265.jpg,1
185,C:\Users\Irfan\Documents\Python\FYPSkinMeasure\Dataset [Clean]\grayscaled_resized_lesions_2\g_img266.jpg,1
186,C:\Users\Irfan\Documents\Python\FYPSkinMeasure\Dataset [Clean]\grayscaled_resized_lesions_2\g_img267.jpg,1
187,C:\Users\Irfan\Documents\Python\FYPSkinMeasure\Dataset [Clean]\grayscaled_resized_lesions_2\g_img268.jpg,1
188,C:\Users\Irfan\Documents\Python\FYPSkinMeasure\Dataset [Clean]\grayscaled_resized_lesions_2\g_img269.jpg,1
189,C:\Users\Irfan\Documents\Python\FYPSkinMeasure\Dataset [Clean]\grayscaled_resized_lesions_2\g_img27.jpg,1
190,C:\Users\Irfan\Documents\Python\FYPSkinMeasure\Dataset [Clean]\grayscaled_resized_lesions_2\g_img270.jpg,1
191,C:\Users\Irfan\Documents\Python\FYPSkinMeasure\Dataset [Clean]\grayscaled_resized_lesions_2\g_img271.jpg,1
192,C:\Users\Irfan\Documents\Python\FYPSkinMeasure\Dataset [Clean]\grayscaled_resized_lesions_2\g_img272.jpg,1
193,C:\Users\Irfan\Documents\Python\FYPSkinMeasure\Dataset [Clean]\grayscaled_resized_lesions_2\g_img273.jpg,1
194,C:\Users\Irfan\Documents\Python\FYPSkinMeasure\Dataset [Clean]\grayscaled_resized_lesions_2\g_img274.jpg,1
195,C:\Users\Irfan\Documents\Python\FYPSkinMeasure\Dataset [Clean]\grayscaled_resized_lesions_2\g_img275.jpg,1
196,C:\Users\Irfan\Documents\Python\FYPSkinMeasure\Dataset [Clean]\grayscaled_resized_lesions_2\g_img276.jpg,1
197,C:\Users\Irfan\Documents\Python\FYPSkinMeasure\Dataset [Clean]\grayscaled_resized_lesions_2\g_img277.jpg,1
198,C:\Users\Irfan\Documents\Python\FYPSkinMeasure\Dataset [Clean]\grayscaled_resized_lesions_2\g_img278.jpg,1
199,C:\Users\Irfan\Documents\Python\FYPSkinMeasure\Dataset [Clean]\grayscaled_resized_lesions_2\g_img279.jpg,1
200,C:\Users\Irfan\Documents\Python\FYPSkinMeasure\Dataset [Clean]\grayscaled_resized_lesions_2\g_img28.jpg,1
201,C:\Users\Irfan\Documents\Python\FYPSkinMeasure\Dataset [Clean]\grayscaled_resized_lesions_2\g_img280.jpg,1
202,C:\Users\Irfan\Documents\Python\FYPSkinMeasure\Dataset [Clean]\grayscaled_resized_lesions_2\g_img281.jpg,1
203,C:\Users\Irfan\Documents\Python\FYPSkinMeasure\Dataset [Clean]\grayscaled_resized_lesions_2\g_img282.jpg,1
204,C:\Users\Irfan\Documents\Python\FYPSkinMeasure\Dataset [Clean]\grayscaled_resized_lesions_2\g_img283.jpg,1
205,C:\Users\Irfan\Documents\Python\FYPSkinMeasure\Dataset [Clean]\grayscaled_resized_lesions_2\g_img284.jpg,1
206,C:\Users\Irfan\Documents\Python\FYPSkinMeasure\Dataset [Clean]\grayscaled_resized_lesions_2\g_img285.jpg,1
207,C:\Users\Irfan\Documents\Python\FYPSkinMeasure\Dataset [Clean]\grayscaled_resized_lesions_2\g_img286.jpg,1
208,C:\Users\Irfan\Documents\Python\FYPSkinMeasure\Dataset [Clean]\grayscaled_resized_lesions_2\g_img287.jpg,1
209,C:\Users\Irfan\Documents\Python\FYPSkinMeasure\Dataset [Clean]\grayscaled_resized_lesions_2\g_img288.jpg,1
210,C:\Users\Irfan\Documents\Python\FYPSkinMeasure\Dataset [Clean]\grayscaled_resized_lesions_2\g_img289.jpg,1
211,C:\Users\Irfan\Documents\Python\FYPSkinMeasure\Dataset [Clean]\grayscaled_resized_lesions_2\g_img29.jpg,1
212,C:\Users\Irfan\Documents\Python\FYPSkinMeasure\Dataset [Clean]\grayscaled_resized_lesions_2\g_img290.jpg,1
213,C:\Users\Irfan\Documents\Python\FYPSkinMeasure\Dataset [Clean]\grayscaled_resized_lesions_2\g_img291.jpg,1
214,C:\Users\Irfan\Documents\Python\FYPSkinMeasure\Dataset [Clean]\grayscaled_resized_lesions_2\g_img292.jpg,1
215,C:\Users\Irfan\Documents\Python\FYPSkinMeasure\Dataset [Clean]\grayscaled_resized_lesions_2\g_img293.jpg,1
216,C:\Users\Irfan\Documents\Python\FYPSkinMeasure\Dataset [Clean]\grayscaled_resized_lesions_2\g_img294.jpg,1
217,C:\Users\Irfan\Documents\Python\FYPSkinMeasure\Dataset [Clean]\grayscaled_resized_lesions_2\g_img295.jpg,1
218,C:\Users\Irfan\Documents\Python\FYPSkinMeasure\Dataset [Clean]\grayscaled_resized_lesions_2\g_img296.jpg,1
219,C:\Users\Irfan\Documents\Python\FYPSkinMeasure\Dataset [Clean]\grayscaled_resized_lesions_2\g_img297.jpg,1
220,C:\Users\Irfan\Documents\Python\FYPSkinMeasure\Dataset [Clean]\grayscaled_resized_lesions_2\g_img298.jpg,1
221,C:\Users\Irfan\Documents\Python\FYPSkinMeasure\Dataset [Clean]\grayscaled_resized_lesions_2\g_img299.jpg,1
222,C:\Users\Irfan\Documents\Python\FYPSkinMeasure\Dataset [Clean]\grayscaled_resized_lesions_2\g_img3.jpg,1
223,C:\Users\Irfan\Documents\Python\FYPSkinMeasure\Dataset [Clean]\grayscaled_resized_lesions_2\g_img30.jpg,1
224,C:\Users\Irfan\Documents\Python\FYPSkinMeasure\Dataset [Clean]\grayscaled_resized_lesions_2\g_img300.jpg,1
225,C:\Users\Irfan\Documents\Python\FYPSkinMeasure\Dataset [Clean]\grayscaled_resized_lesions_2\g_img301.jpg,1
226,C:\Users\Irfan\Documents\Python\FYPSkinMeasure\Dataset [Clean]\grayscaled_resized_lesions_2\g_img302.jpg,1
227,C:\Users\Irfan\Documents\Python\FYPSkinMeasure\Dataset [Clean]\grayscaled_resized_lesions_2\g_img303.jpg,1
228,C:\Users\Irfan\Documents\Python\FYPSkinMeasure\Dataset [Clean]\grayscaled_resized_lesions_2\g_img304.jpg,1
229,C:\Users\Irfan\Documents\Python\FYPSkinMeasure\Dataset [Clean]\grayscaled_resized_lesions_2\g_img305.jpg,1
230,C:\Users\Irfan\Documents\Python\FYPSkinMeasure\Dataset [Clean]\grayscaled_resized_lesions_2\g_img306.jpg,1
231,C:\Users\Irfan\Documents\Python\FYPSkinMeasure\Dataset [Clean]\grayscaled_resized_lesions_2\g_img307.jpg,1
232,C:\Users\Irfan\Documents\Python\FYPSkinMeasure\Dataset [Clean]\grayscaled_resized_lesions_2\g_img308.jpg,1
233,C:\Users\Irfan\Documents\Python\FYPSkinMeasure\Dataset [Clean]\grayscaled_resized_lesions_2\g_img309.jpg,1
234,C:\Users\Irfan\Documents\Python\FYPSkinMeasure\Dataset [Clean]\grayscaled_resized_lesions_2\g_img31.jpg,1
235,C:\Users\Irfan\Documents\Python\FYPSkinMeasure\Dataset [Clean]\grayscaled_resized_lesions_2\g_img310.jpg,1
236,C:\Users\Irfan\Documents\Python\FYPSkinMeasure\Dataset [Clean]\grayscaled_resized_lesions_2\g_img311.jpg,1
237,C:\Users\Irfan\Documents\Python\FYPSkinMeasure\Dataset [Clean]\grayscaled_resized_lesions_2\g_img312.jpg,1
238,C:\Users\Irfan\Documents\Python\FYPSkinMeasure\Dataset [Clean]\grayscaled_resized_lesions_2\g_img313.jpg,1
239,C:\Users\Irfan\Documents\Python\FYPSkinMeasure\Dataset [Clean]\grayscaled_resized_lesions_2\g_img314.jpg,1
240,C:\Users\Irfan\Documents\Python\FYPSkinMeasure\Dataset [Clean]\grayscaled_resized_lesions_2\g_img315.jpg,1
241,C:\Users\Irfan\Documents\Python\FYPSkinMeasure\Dataset [Clean]\grayscaled_resized_lesions_2\g_img316.jpg,1
242,C:\Users\Irfan\Documents\Python\FYPSkinMeasure\Dataset [Clean]\grayscaled_resized_lesions_2\g_img317.jpg,1
243,C:\Users\Irfan\Documents\Python\FYPSkinMeasure\Dataset [Clean]\grayscaled_resized_lesions_2\g_img318.jpg,1
244,C:\Users\Irfan\Documents\Python\FYPSkinMeasure\Dataset [Clean]\grayscaled_resized_lesions_2\g_img319.jpg,1
245,C:\Users\Irfan\Documents\Python\FYPSkinMeasure\Dataset [Clean]\grayscaled_resized_lesions_2\g_img32.jpg,1
246,C:\Users\Irfan\Documents\Python\FYPSkinMeasure\Dataset [Clean]\grayscaled_resized_lesions_2\g_img320.jpg,1
247,C:\Users\Irfan\Documents\Python\FYPSkinMeasure\Dataset [Clean]\grayscaled_resized_lesions_2\g_img321.jpg,1
248,C:\Users\Irfan\Documents\Python\FYPSkinMeasure\Dataset [Clean]\grayscaled_resized_lesions_2\g_img322.jpg,1
249,C:\Users\Irfan\Documents\Python\FYPSkinMeasure\Dataset [Clean]\grayscaled_resized_lesions_2\g_img323.jpg,1
250,C:\Users\Irfan\Documents\Python\FYPSkinMeasure\Dataset [Clean]\grayscaled_resized_lesions_2\g_img324.jpg,1
251,C:\Users\Irfan\Documents\Python\FYPSkinMeasure\Dataset [Clean]\grayscaled_resized_lesions_2\g_img325.jpg,1
252,C:\Users\Irfan\Documents\Python\FYPSkinMeasure\Dataset [Clean]\grayscaled_resized_lesions_2\g_img326.jpg,1
253,C:\Users\Irfan\Documents\Python\FYPSkinMeasure\Dataset [Clean]\grayscaled_resized_lesions_2\g_img327.jpg,1
254,C:\Users\Irfan\Documents\Python\FYPSkinMeasure\Dataset [Clean]\grayscaled_resized_lesions_2\g_img328.jpg,1
255,C:\Users\Irfan\Documents\Python\FYPSkinMeasure\Dataset [Clean]\grayscaled_resized_lesions_2\g_img329.jpg,1
256,C:\Users\Irfan\Documents\Python\FYPSkinMeasure\Dataset [Clean]\grayscaled_resized_lesions_2\g_img33.jpg,1
257,C:\Users\Irfan\Documents\Python\FYPSkinMeasure\Dataset [Clean]\grayscaled_resized_lesions_2\g_img330.jpg,1
258,C:\Users\Irfan\Documents\Python\FYPSkinMeasure\Dataset [Clean]\grayscaled_resized_lesions_2\g_img331.jpg,1
259,C:\Users\Irfan\Documents\Python\FYPSkinMeasure\Dataset [Clean]\grayscaled_resized_lesions_2\g_img332.jpg,1
260,C:\Users\Irfan\Documents\Python\FYPSkinMeasure\Dataset [Clean]\grayscaled_resized_lesions_2\g_img333.jpg,1
261,C:\Users\Irfan\Documents\Python\FYPSkinMeasure\Dataset [Clean]\grayscaled_resized_lesions_2\g_img334.jpg,1
262,C:\Users\Irfan\Documents\Python\FYPSkinMeasure\Dataset [Clean]\grayscaled_resized_lesions_2\g_img335.jpg,1
263,C:\Users\Irfan\Documents\Python\FYPSkinMeasure\Dataset [Clean]\grayscaled_resized_lesions_2\g_img336.jpg,1
264,C:\Users\Irfan\Documents\Python\FYPSkinMeasure\Dataset [Clean]\grayscaled_resized_lesions_2\g_img337.jpg,1
265,C:\Users\Irfan\Documents\Python\FYPSkinMeasure\Dataset [Clean]\grayscaled_resized_lesions_2\g_img338.jpg,1
266,C:\Users\Irfan\Documents\Python\FYPSkinMeasure\Dataset [Clean]\grayscaled_resized_lesions_2\g_img339.jpg,1
267,C:\Users\Irfan\Documents\Python\FYPSkinMeasure\Dataset [Clean]\grayscaled_resized_lesions_2\g_img34.jpg,1
268,C:\Users\Irfan\Documents\Python\FYPSkinMeasure\Dataset [Clean]\grayscaled_resized_lesions_2\g_img340.jpg,1
269,C:\Users\Irfan\Documents\Python\FYPSkinMeasure\Dataset [Clean]\grayscaled_resized_lesions_2\g_img341.jpg,1
270,C:\Users\Irfan\Documents\Python\FYPSkinMeasure\Dataset [Clean]\grayscaled_resized_lesions_2\g_img342.jpg,1
271,C:\Users\Irfan\Documents\Python\FYPSkinMeasure\Dataset [Clean]\grayscaled_resized_lesions_2\g_img343.jpg,1
272,C:\Users\Irfan\Documents\Python\FYPSkinMeasure\Dataset [Clean]\grayscaled_resized_lesions_2\g_img344.jpg,1
273,C:\Users\Irfan\Documents\Python\FYPSkinMeasure\Dataset [Clean]\grayscaled_resized_lesions_2\g_img345.jpg,1
274,C:\Users\Irfan\Documents\Python\FYPSkinMeasure\Dataset [Clean]\grayscaled_resized_lesions_2\g_img346.jpg,1
275,C:\Users\Irfan\Documents\Python\FYPSkinMeasure\Dataset [Clean]\grayscaled_resized_lesions_2\g_img347.jpg,1
276,C:\Users\Irfan\Documents\Python\FYPSkinMeasure\Dataset [Clean]\grayscaled_resized_lesions_2\g_img348.jpg,1
277,C:\Users\Irfan\Documents\Python\FYPSkinMeasure\Dataset [Clean]\grayscaled_resized_lesions_2\g_img349.jpg,1
278,C:\Users\Irfan\Documents\Python\FYPSkinMeasure\Dataset [Clean]\grayscaled_resized_lesions_2\g_img35.jpg,1
279,C:\Users\Irfan\Documents\Python\FYPSkinMeasure\Dataset [Clean]\grayscaled_resized_lesions_2\g_img350.jpg,1
280,C:\Users\Irfan\Documents\Python\FYPSkinMeasure\Dataset [Clean]\grayscaled_resized_lesions_2\g_img351.jpg,1
281,C:\Users\Irfan\Documents\Python\FYPSkinMeasure\Dataset [Clean]\grayscaled_resized_lesions_2\g_img352.jpg,1
282,C:\Users\Irfan\Documents\Python\FYPSkinMeasure\Dataset [Clean]\grayscaled_resized_lesions_2\g_img353.jpg,1
283,C:\Users\Irfan\Documents\Python\FYPSkinMeasure\Dataset [Clean]\grayscaled_resized_lesions_2\g_img354.jpg,1
284,C:\Users\Irfan\Documents\Python\FYPSkinMeasure\Dataset [Clean]\grayscaled_resized_lesions_2\g_img355.jpg,1
285,C:\Users\Irfan\Documents\Python\FYPSkinMeasure\Dataset [Clean]\grayscaled_resized_lesions_2\g_img356.jpg,1
286,C:\Users\Irfan\Documents\Python\FYPSkinMeasure\Dataset [Clean]\grayscaled_resized_lesions_2\g_img357.jpg,1
287,C:\Users\Irfan\Documents\Python\FYPSkinMeasure\Dataset [Clean]\grayscaled_resized_lesions_2\g_img358.jpg,1
288,C:\Users\Irfan\Documents\Python\FYPSkinMeasure\Dataset [Clean]\grayscaled_resized_lesions_2\g_img359.jpg,1
289,C:\Users\Irfan\Documents\Python\FYPSkinMeasure\Dataset [Clean]\grayscaled_resized_lesions_2\g_img36.jpg,1
290,C:\Users\Irfan\Documents\Python\FYPSkinMeasure\Dataset [Clean]\grayscaled_resized_lesions_2\g_img360.jpg,1
291,C:\Users\Irfan\Documents\Python\FYPSkinMeasure\Dataset [Clean]\grayscaled_resized_lesions_2\g_img361.jpg,1
292,C:\Users\Irfan\Documents\Python\FYPSkinMeasure\Dataset [Clean]\grayscaled_resized_lesions_2\g_img362.jpg,1
293,C:\Users\Irfan\Documents\Python\FYPSkinMeasure\Dataset [Clean]\grayscaled_resized_lesions_2\g_img363.jpg,1
294,C:\Users\Irfan\Documents\Python\FYPSkinMeasure\Dataset [Clean]\grayscaled_resized_lesions_2\g_img364.jpg,1
295,C:\Users\Irfan\Documents\Python\FYPSkinMeasure\Dataset [Clean]\grayscaled_resized_lesions_2\g_img365.jpg,1
296,C:\Users\Irfan\Documents\Python\FYPSkinMeasure\Dataset [Clean]\grayscaled_resized_lesions_2\g_img366.jpg,1
297,C:\Users\Irfan\Documents\Python\FYPSkinMeasure\Dataset [Clean]\grayscaled_resized_lesions_2\g_img367.jpg,1
298,C:\Users\Irfan\Documents\Python\FYPSkinMeasure\Dataset [Clean]\grayscaled_resized_lesions_2\g_img368.jpg,1
299,C:\Users\Irfan\Documents\Python\FYPSkinMeasure\Dataset [Clean]\grayscaled_resized_lesions_2\g_img369.jpg,1
300,C:\Users\Irfan\Documents\Python\FYPSkinMeasure\Dataset [Clean]\grayscaled_resized_lesions_2\g_img37.jpg,1
301,C:\Users\Irfan\Documents\Python\FYPSkinMeasure\Dataset [Clean]\grayscaled_resized_lesions_2\g_img370.jpg,1
302,C:\Users\Irfan\Documents\Python\FYPSkinMeasure\Dataset [Clean]\grayscaled_resized_lesions_2\g_img371.jpg,1
303,C:\Users\Irfan\Documents\Python\FYPSkinMeasure\Dataset [Clean]\grayscaled_resized_lesions_2\g_img372.jpg,1
304,C:\Users\Irfan\Documents\Python\FYPSkinMeasure\Dataset [Clean]\grayscaled_resized_lesions_2\g_img373.jpg,1
305,C:\Users\Irfan\Documents\Python\FYPSkinMeasure\Dataset [Clean]\grayscaled_resized_lesions_2\g_img374.jpg,1
306,C:\Users\Irfan\Documents\Python\FYPSkinMeasure\Dataset [Clean]\grayscaled_resized_lesions_2\g_img375.jpg,1
307,C:\Users\Irfan\Documents\Python\FYPSkinMeasure\Dataset [Clean]\grayscaled_resized_lesions_2\g_img376.jpg,1
308,C:\Users\Irfan\Documents\Python\FYPSkinMeasure\Dataset [Clean]\grayscaled_resized_lesions_2\g_img377.jpg,1
309,C:\Users\Irfan\Documents\Python\FYPSkinMeasure\Dataset [Clean]\grayscaled_resized_lesions_2\g_img378.jpg,1
310,C:\Users\Irfan\Documents\Python\FYPSkinMeasure\Dataset [Clean]\grayscaled_resized_lesions_2\g_img379.jpg,1
311,C:\Users\Irfan\Documents\Python\FYPSkinMeasure\Dataset [Clean]\grayscaled_resized_lesions_2\g_img38.jpg,1
312,C:\Users\Irfan\Documents\Python\FYPSkinMeasure\Dataset [Clean]\grayscaled_resized_lesions_2\g_img380.jpg,1
313,C:\Users\Irfan\Documents\Python\FYPSkinMeasure\Dataset [Clean]\grayscaled_resized_lesions_2\g_img381.jpg,1
314,C:\Users\Irfan\Documents\Python\FYPSkinMeasure\Dataset [Clean]\grayscaled_resized_lesions_2\g_img382.jpg,1
315,C:\Users\Irfan\Documents\Python\FYPSkinMeasure\Dataset [Clean]\grayscaled_resized_lesions_2\g_img383.jpg,1
316,C:\Users\Irfan\Documents\Python\FYPSkinMeasure\Dataset [Clean]\grayscaled_resized_lesions_2\g_img384.jpg,1
317,C:\Users\Irfan\Documents\Python\FYPSkinMeasure\Dataset [Clean]\grayscaled_resized_lesions_2\g_img385.jpg,1
318,C:\Users\Irfan\Documents\Python\FYPSkinMeasure\Dataset [Clean]\grayscaled_resized_lesions_2\g_img386.jpg,1
319,C:\Users\Irfan\Documents\Python\FYPSkinMeasure\Dataset [Clean]\grayscaled_resized_lesions_2\g_img387.jpg,1
320,C:\Users\Irfan\Documents\Python\FYPSkinMeasure\Dataset [Clean]\grayscaled_resized_lesions_2\g_img388.jpg,1
321,C:\Users\Irfan\Documents\Python\FYPSkinMeasure\Dataset [Clean]\grayscaled_resized_lesions_2\g_img389.jpg,1
322,C:\Users\Irfan\Documents\Python\FYPSkinMeasure\Dataset [Clean]\grayscaled_resized_lesions_2\g_img39.jpg,1
323,C:\Users\Irfan\Documents\Python\FYPSkinMeasure\Dataset [Clean]\grayscaled_resized_lesions_2\g_img390.jpg,1
324,C:\Users\Irfan\Documents\Python\FYPSkinMeasure\Dataset [Clean]\grayscaled_resized_lesions_2\g_img391.jpg,1
325,C:\Users\Irfan\Documents\Python\FYPSkinMeasure\Dataset [Clean]\grayscaled_resized_lesions_2\g_img392.jpg,1
326,C:\Users\Irfan\Documents\Python\FYPSkinMeasure\Dataset [Clean]\grayscaled_resized_lesions_2\g_img393.jpg,1
327,C:\Users\Irfan\Documents\Python\FYPSkinMeasure\Dataset [Clean]\grayscaled_resized_lesions_2\g_img394.jpg,1
328,C:\Users\Irfan\Documents\Python\FYPSkinMeasure\Dataset [Clean]\grayscaled_resized_lesions_2\g_img395.jpg,1
329,C:\Users\Irfan\Documents\Python\FYPSkinMeasure\Dataset [Clean]\grayscaled_resized_lesions_2\g_img396.jpg,1
330,C:\Users\Irfan\Documents\Python\FYPSkinMeasure\Dataset [Clean]\grayscaled_resized_lesions_2\g_img397.jpg,1
331,C:\Users\Irfan\Documents\Python\FYPSkinMeasure\Dataset [Clean]\grayscaled_resized_lesions_2\g_img398.jpg,1
332,C:\Users\Irfan\Documents\Python\FYPSkinMeasure\Dataset [Clean]\grayscaled_resized_lesions_2\g_img399.jpg,1
333,C:\Users\Irfan\Documents\Python\FYPSkinMeasure\Dataset [Clean]\grayscaled_resized_lesions_2\g_img4.jpg,1
334,C:\Users\Irfan\Documents\Python\FYPSkinMeasure\Dataset [Clean]\grayscaled_resized_lesions_2\g_img40.jpg,1
335,C:\Users\Irfan\Documents\Python\FYPSkinMeasure\Dataset [Clean]\grayscaled_resized_lesions_2\g_img400.jpg,1
336,C:\Users\Irfan\Documents\Python\FYPSkinMeasure\Dataset [Clean]\grayscaled_resized_lesions_2\g_img401.jpg,1
337,C:\Users\Irfan\Documents\Python\FYPSkinMeasure\Dataset [Clean]\grayscaled_resized_lesions_2\g_img402.jpg,1
338,C:\Users\Irfan\Documents\Python\FYPSkinMeasure\Dataset [Clean]\grayscaled_resized_lesions_2\g_img403.jpg,1
339,C:\Users\Irfan\Documents\Python\FYPSkinMeasure\Dataset [Clean]\grayscaled_resized_lesions_2\g_img404.jpg,1
340,C:\Users\Irfan\Documents\Python\FYPSkinMeasure\Dataset [Clean]\grayscaled_resized_lesions_2\g_img405.jpg,1
341,C:\Users\Irfan\Documents\Python\FYPSkinMeasure\Dataset [Clean]\grayscaled_resized_lesions_2\g_img406.jpg,1
342,C:\Users\Irfan\Documents\Python\FYPSkinMeasure\Dataset [Clean]\grayscaled_resized_lesions_2\g_img407.jpg,1
343,C:\Users\Irfan\Documents\Python\FYPSkinMeasure\Dataset [Clean]\grayscaled_resized_lesions_2\g_img408.jpg,1
344,C:\Users\Irfan\Documents\Python\FYPSkinMeasure\Dataset [Clean]\grayscaled_resized_lesions_2\g_img409.jpg,1
345,C:\Users\Irfan\Documents\Python\FYPSkinMeasure\Dataset [Clean]\grayscaled_resized_lesions_2\g_img41.jpg,1
346,C:\Users\Irfan\Documents\Python\FYPSkinMeasure\Dataset [Clean]\grayscaled_resized_lesions_2\g_img410.jpg,1
347,C:\Users\Irfan\Documents\Python\FYPSkinMeasure\Dataset [Clean]\grayscaled_resized_lesions_2\g_img411.jpg,1
348,C:\Users\Irfan\Documents\Python\FYPSkinMeasure\Dataset [Clean]\grayscaled_resized_lesions_2\g_img412.jpg,1
349,C:\Users\Irfan\Documents\Python\FYPSkinMeasure\Dataset [Clean]\grayscaled_resized_lesions_2\g_img413.jpg,1
350,C:\Users\Irfan\Documents\Python\FYPSkinMeasure\Dataset [Clean]\grayscaled_resized_lesions_2\g_img414.jpg,1
351,C:\Users\Irfan\Documents\Python\FYPSkinMeasure\Dataset [Clean]\grayscaled_resized_lesions_2\g_img415.jpg,1
352,C:\Users\Irfan\Documents\Python\FYPSkinMeasure\Dataset [Clean]\grayscaled_resized_lesions_2\g_img416.jpg,1
353,C:\Users\Irfan\Documents\Python\FYPSkinMeasure\Dataset [Clean]\grayscaled_resized_lesions_2\g_img417.jpg,1
354,C:\Users\Irfan\Documents\Python\FYPSkinMeasure\Dataset [Clean]\grayscaled_resized_lesions_2\g_img418.jpg,1
355,C:\Users\Irfan\Documents\Python\FYPSkinMeasure\Dataset [Clean]\grayscaled_resized_lesions_2\g_img419.jpg,1
356,C:\Users\Irfan\Documents\Python\FYPSkinMeasure\Dataset [Clean]\grayscaled_resized_lesions_2\g_img42.jpg,1
357,C:\Users\Irfan\Documents\Python\FYPSkinMeasure\Dataset [Clean]\grayscaled_resized_lesions_2\g_img420.jpg,1
358,C:\Users\Irfan\Documents\Python\FYPSkinMeasure\Dataset [Clean]\grayscaled_resized_lesions_2\g_img421.jpg,1
359,C:\Users\Irfan\Documents\Python\FYPSkinMeasure\Dataset [Clean]\grayscaled_resized_lesions_2\g_img422.jpg,1
360,C:\Users\Irfan\Documents\Python\FYPSkinMeasure\Dataset [Clean]\grayscaled_resized_lesions_2\g_img423.jpg,1
361,C:\Users\Irfan\Documents\Python\FYPSkinMeasure\Dataset [Clean]\grayscaled_resized_lesions_2\g_img424.jpg,1
362,C:\Users\Irfan\Documents\Python\FYPSkinMeasure\Dataset [Clean]\grayscaled_resized_lesions_2\g_img425.jpg,1
363,C:\Users\Irfan\Documents\Python\FYPSkinMeasure\Dataset [Clean]\grayscaled_resized_lesions_2\g_img426.jpg,1
364,C:\Users\Irfan\Documents\Python\FYPSkinMeasure\Dataset [Clean]\grayscaled_resized_lesions_2\g_img427.jpg,1
365,C:\Users\Irfan\Documents\Python\FYPSkinMeasure\Dataset [Clean]\grayscaled_resized_lesions_2\g_img428.jpg,1
366,C:\Users\Irfan\Documents\Python\FYPSkinMeasure\Dataset [Clean]\grayscaled_resized_lesions_2\g_img429.jpg,1
367,C:\Users\Irfan\Documents\Python\FYPSkinMeasure\Dataset [Clean]\grayscaled_resized_lesions_2\g_img43.jpg,1
368,C:\Users\Irfan\Documents\Python\FYPSkinMeasure\Dataset [Clean]\grayscaled_resized_lesions_2\g_img430.jpg,1
369,C:\Users\Irfan\Documents\Python\FYPSkinMeasure\Dataset [Clean]\grayscaled_resized_lesions_2\g_img431.jpg,1
370,C:\Users\Irfan\Documents\Python\FYPSkinMeasure\Dataset [Clean]\grayscaled_resized_lesions_2\g_img432.jpg,1
371,C:\Users\Irfan\Documents\Python\FYPSkinMeasure\Dataset [Clean]\grayscaled_resized_lesions_2\g_img433.jpg,1
372,C:\Users\Irfan\Documents\Python\FYPSkinMeasure\Dataset [Clean]\grayscaled_resized_lesions_2\g_img434.jpg,1
373,C:\Users\Irfan\Documents\Python\FYPSkinMeasure\Dataset [Clean]\grayscaled_resized_lesions_2\g_img435.jpg,1
374,C:\Users\Irfan\Documents\Python\FYPSkinMeasure\Dataset [Clean]\grayscaled_resized_lesions_2\g_img436.jpg,1
375,C:\Users\Irfan\Documents\Python\FYPSkinMeasure\Dataset [Clean]\grayscaled_resized_lesions_2\g_img437.jpg,1
376,C:\Users\Irfan\Documents\Python\FYPSkinMeasure\Dataset [Clean]\grayscaled_resized_lesions_2\g_img438.jpg,1
377,C:\Users\Irfan\Documents\Python\FYPSkinMeasure\Dataset [Clean]\grayscaled_resized_lesions_2\g_img439.jpg,1
378,C:\Users\Irfan\Documents\Python\FYPSkinMeasure\Dataset [Clean]\grayscaled_resized_lesions_2\g_img44.jpg,1
379,C:\Users\Irfan\Documents\Python\FYPSkinMeasure\Dataset [Clean]\grayscaled_resized_lesions_2\g_img440.jpg,1
380,C:\Users\Irfan\Documents\Python\FYPSkinMeasure\Dataset [Clean]\grayscaled_resized_lesions_2\g_img441.jpg,1
381,C:\Users\Irfan\Documents\Python\FYPSkinMeasure\Dataset [Clean]\grayscaled_resized_lesions_2\g_img442.jpg,1
382,C:\Users\Irfan\Documents\Python\FYPSkinMeasure\Dataset [Clean]\grayscaled_resized_lesions_2\g_img443.jpg,1
383,C:\Users\Irfan\Documents\Python\FYPSkinMeasure\Dataset [Clean]\grayscaled_resized_lesions_2\g_img444.jpg,1
384,C:\Users\Irfan\Documents\Python\FYPSkinMeasure\Dataset [Clean]\grayscaled_resized_lesions_2\g_img445.jpg,1
385,C:\Users\Irfan\Documents\Python\FYPSkinMeasure\Dataset [Clean]\grayscaled_resized_lesions_2\g_img446.jpg,1
386,C:\Users\Irfan\Documents\Python\FYPSkinMeasure\Dataset [Clean]\grayscaled_resized_lesions_2\g_img447.jpg,1
387,C:\Users\Irfan\Documents\Python\FYPSkinMeasure\Dataset [Clean]\grayscaled_resized_lesions_2\g_img448.jpg,1
388,C:\Users\Irfan\Documents\Python\FYPSkinMeasure\Dataset [Clean]\grayscaled_resized_lesions_2\g_img449.jpg,1
389,C:\Users\Irfan\Documents\Python\FYPSkinMeasure\Dataset [Clean]\grayscaled_resized_lesions_2\g_img45.jpg,1
390,C:\Users\Irfan\Documents\Python\FYPSkinMeasure\Dataset [Clean]\grayscaled_resized_lesions_2\g_img450.jpg,1
391,C:\Users\Irfan\Documents\Python\FYPSkinMeasure\Dataset [Clean]\grayscaled_resized_lesions_2\g_img451.jpg,1
392,C:\Users\Irfan\Documents\Python\FYPSkinMeasure\Dataset [Clean]\grayscaled_resized_lesions_2\g_img452.jpg,1
393,C:\Users\Irfan\Documents\Python\FYPSkinMeasure\Dataset [Clean]\grayscaled_resized_lesions_2\g_img453.jpg,1
394,C:\Users\Irfan\Documents\Python\FYPSkinMeasure\Dataset [Clean]\grayscaled_resized_lesions_2\g_img454.jpg,1
395,C:\Users\Irfan\Documents\Python\FYPSkinMeasure\Dataset [Clean]\grayscaled_resized_lesions_2\g_img455.jpg,1
396,C:\Users\Irfan\Documents\Python\FYPSkinMeasure\Dataset [Clean]\grayscaled_resized_lesions_2\g_img456.jpg,1
397,C:\Users\Irfan\Documents\Python\FYPSkinMeasure\Dataset [Clean]\grayscaled_resized_lesions_2\g_img457.jpg,1
398,C:\Users\Irfan\Documents\Python\FYPSkinMeasure\Dataset [Clean]\grayscaled_resized_lesions_2\g_img458.jpg,1
399,C:\Users\Irfan\Documents\Python\FYPSkinMeasure\Dataset [Clean]\grayscaled_resized_lesions_2\g_img459.jpg,1
400,C:\Users\Irfan\Documents\Python\FYPSkinMeasure\Dataset [Clean]\grayscaled_resized_lesions_2\g_img46.jpg,1
401,C:\Users\Irfan\Documents\Python\FYPSkinMeasure\Dataset [Clean]\grayscaled_resized_lesions_2\g_img460.jpg,1
402,C:\Users\Irfan\Documents\Python\FYPSkinMeasure\Dataset [Clean]\grayscaled_resized_lesions_2\g_img461.jpg,1
403,C:\Users\Irfan\Documents\Python\FYPSkinMeasure\Dataset [Clean]\grayscaled_resized_lesions_2\g_img462.jpg,1
404,C:\Users\Irfan\Documents\Python\FYPSkinMeasure\Dataset [Clean]\grayscaled_resized_lesions_2\g_img463.jpg,1
405,C:\Users\Irfan\Documents\Python\FYPSkinMeasure\Dataset [Clean]\grayscaled_resized_lesions_2\g_img464.jpg,1
406,C:\Users\Irfan\Documents\Python\FYPSkinMeasure\Dataset [Clean]\grayscaled_resized_lesions_2\g_img465.jpg,1
407,C:\Users\Irfan\Documents\Python\FYPSkinMeasure\Dataset [Clean]\grayscaled_resized_lesions_2\g_img466.jpg,1
408,C:\Users\Irfan\Documents\Python\FYPSkinMeasure\Dataset [Clean]\grayscaled_resized_lesions_2\g_img467.jpg,1
409,C:\Users\Irfan\Documents\Python\FYPSkinMeasure\Dataset [Clean]\grayscaled_resized_lesions_2\g_img468.jpg,1
410,C:\Users\Irfan\Documents\Python\FYPSkinMeasure\Dataset [Clean]\grayscaled_resized_lesions_2\g_img469.jpg,1
411,C:\Users\Irfan\Documents\Python\FYPSkinMeasure\Dataset [Clean]\grayscaled_resized_lesions_2\g_img47.jpg,1
412,C:\Users\Irfan\Documents\Python\FYPSkinMeasure\Dataset [Clean]\grayscaled_resized_lesions_2\g_img470.jpg,1
413,C:\Users\Irfan\Documents\Python\FYPSkinMeasure\Dataset [Clean]\grayscaled_resized_lesions_2\g_img471.jpg,1
414,C:\Users\Irfan\Documents\Python\FYPSkinMeasure\Dataset [Clean]\grayscaled_resized_lesions_2\g_img472.jpg,1
415,C:\Users\Irfan\Documents\Python\FYPSkinMeasure\Dataset [Clean]\grayscaled_resized_lesions_2\g_img473.jpg,1
416,C:\Users\Irfan\Documents\Python\FYPSkinMeasure\Dataset [Clean]\grayscaled_resized_lesions_2\g_img474.jpg,1
417,C:\Users\Irfan\Documents\Python\FYPSkinMeasure\Dataset [Clean]\grayscaled_resized_lesions_2\g_img475.jpg,1
418,C:\Users\Irfan\Documents\Python\FYPSkinMeasure\Dataset [Clean]\grayscaled_resized_lesions_2\g_img476.jpg,1
419,C:\Users\Irfan\Documents\Python\FYPSkinMeasure\Dataset [Clean]\grayscaled_resized_lesions_2\g_img477.jpg,1
420,C:\Users\Irfan\Documents\Python\FYPSkinMeasure\Dataset [Clean]\grayscaled_resized_lesions_2\g_img478.jpg,1
421,C:\Users\Irfan\Documents\Python\FYPSkinMeasure\Dataset [Clean]\grayscaled_resized_lesions_2\g_img479.jpg,1
422,C:\Users\Irfan\Documents\Python\FYPSkinMeasure\Dataset [Clean]\grayscaled_resized_lesions_2\g_img48.jpg,1
423,C:\Users\Irfan\Documents\Python\FYPSkinMeasure\Dataset [Clean]\grayscaled_resized_lesions_2\g_img480.jpg,1
424,C:\Users\Irfan\Documents\Python\FYPSkinMeasure\Dataset [Clean]\grayscaled_resized_lesions_2\g_img481.jpg,1
425,C:\Users\Irfan\Documents\Python\FYPSkinMeasure\Dataset [Clean]\grayscaled_resized_lesions_2\g_img482.jpg,1
426,C:\Users\Irfan\Documents\Python\FYPSkinMeasure\Dataset [Clean]\grayscaled_resized_lesions_2\g_img483.jpg,1
427,C:\Users\Irfan\Documents\Python\FYPSkinMeasure\Dataset [Clean]\grayscaled_resized_lesions_2\g_img484.jpg,1
428,C:\Users\Irfan\Documents\Python\FYPSkinMeasure\Dataset [Clean]\grayscaled_resized_lesions_2\g_img485.jpg,1
429,C:\Users\Irfan\Documents\Python\FYPSkinMeasure\Dataset [Clean]\grayscaled_resized_lesions_2\g_img486.jpg,1
430,C:\Users\Irfan\Documents\Python\FYPSkinMeasure\Dataset [Clean]\grayscaled_resized_lesions_2\g_img487.jpg,1
431,C:\Users\Irfan\Documents\Python\FYPSkinMeasure\Dataset [Clean]\grayscaled_resized_lesions_2\g_img488.jpg,1
432,C:\Users\Irfan\Documents\Python\FYPSkinMeasure\Dataset [Clean]\grayscaled_resized_lesions_2\g_img489.jpg,1
433,C:\Users\Irfan\Documents\Python\FYPSkinMeasure\Dataset [Clean]\grayscaled_resized_lesions_2\g_img49.jpg,1
434,C:\Users\Irfan\Documents\Python\FYPSkinMeasure\Dataset [Clean]\grayscaled_resized_lesions_2\g_img490.jpg,1
435,C:\Users\Irfan\Documents\Python\FYPSkinMeasure\Dataset [Clean]\grayscaled_resized_lesions_2\g_img491.jpg,1
436,C:\Users\Irfan\Documents\Python\FYPSkinMeasure\Dataset [Clean]\grayscaled_resized_lesions_2\g_img492.jpg,1
437,C:\Users\Irfan\Documents\Python\FYPSkinMeasure\Dataset [Clean]\grayscaled_resized_lesions_2\g_img493.jpg,1
438,C:\Users\Irfan\Documents\Python\FYPSkinMeasure\Dataset [Clean]\grayscaled_resized_lesions_2\g_img494.jpg,1
439,C:\Users\Irfan\Documents\Python\FYPSkinMeasure\Dataset [Clean]\grayscaled_resized_lesions_2\g_img495.jpg,1
440,C:\Users\Irfan\Documents\Python\FYPSkinMeasure\Dataset [Clean]\grayscaled_resized_lesions_2\g_img496.jpg,1
441,C:\Users\Irfan\Documents\Python\FYPSkinMeasure\Dataset [Clean]\grayscaled_resized_lesions_2\g_img497.jpg,1
442,C:\Users\Irfan\Documents\Python\FYPSkinMeasure\Dataset [Clean]\grayscaled_resized_lesions_2\g_img498.jpg,1
443,C:\Users\Irfan\Documents\Python\FYPSkinMeasure\Dataset [Clean]\grayscaled_resized_lesions_2\g_img499.jpg,1
444,C:\Users\Irfan\Documents\Python\FYPSkinMeasure\Dataset [Clean]\grayscaled_resized_lesions_2\g_img5.jpg,1
445,C:\Users\Irfan\Documents\Python\FYPSkinMeasure\Dataset [Clean]\grayscaled_resized_lesions_2\g_img50.jpg,1
446,C:\Users\Irfan\Documents\Python\FYPSkinMeasure\Dataset [Clean]\grayscaled_resized_lesions_2\g_img500.jpg,1
447,C:\Users\Irfan\Documents\Python\FYPSkinMeasure\Dataset [Clean]\grayscaled_resized_lesions_2\g_img501.jpg,1
448,C:\Users\Irfan\Documents\Python\FYPSkinMeasure\Dataset [Clean]\grayscaled_resized_lesions_2\g_img502.jpg,1
449,C:\Users\Irfan\Documents\Python\FYPSkinMeasure\Dataset [Clean]\grayscaled_resized_lesions_2\g_img503.jpg,1
450,C:\Users\Irfan\Documents\Python\FYPSkinMeasure\Dataset [Clean]\grayscaled_resized_lesions_2\g_img504.jpg,1
451,C:\Users\Irfan\Documents\Python\FYPSkinMeasure\Dataset [Clean]\grayscaled_resized_lesions_2\g_img505.jpg,1
452,C:\Users\Irfan\Documents\Python\FYPSkinMeasure\Dataset [Clean]\grayscaled_resized_lesions_2\g_img506.jpg,1
453,C:\Users\Irfan\Documents\Python\FYPSkinMeasure\Dataset [Clean]\grayscaled_resized_lesions_2\g_img507.jpg,1
454,C:\Users\Irfan\Documents\Python\FYPSkinMeasure\Dataset [Clean]\grayscaled_resized_lesions_2\g_img508.jpg,1
455,C:\Users\Irfan\Documents\Python\FYPSkinMeasure\Dataset [Clean]\grayscaled_resized_lesions_2\g_img509.jpg,1
456,C:\Users\Irfan\Documents\Python\FYPSkinMeasure\Dataset [Clean]\grayscaled_resized_lesions_2\g_img51.jpg,1
457,C:\Users\Irfan\Documents\Python\FYPSkinMeasure\Dataset [Clean]\grayscaled_resized_lesions_2\g_img510.jpg,1
458,C:\Users\Irfan\Documents\Python\FYPSkinMeasure\Dataset [Clean]\grayscaled_resized_lesions_2\g_img511.jpg,1
459,C:\Users\Irfan\Documents\Python\FYPSkinMeasure\Dataset [Clean]\grayscaled_resized_lesions_2\g_img512.jpg,1
460,C:\Users\Irfan\Documents\Python\FYPSkinMeasure\Dataset [Clean]\grayscaled_resized_lesions_2\g_img513.jpg,1
461,C:\Users\Irfan\Documents\Python\FYPSkinMeasure\Dataset [Clean]\grayscaled_resized_lesions_2\g_img514.jpg,1
462,C:\Users\Irfan\Documents\Python\FYPSkinMeasure\Dataset [Clean]\grayscaled_resized_lesions_2\g_img515.jpg,1
463,C:\Users\Irfan\Documents\Python\FYPSkinMeasure\Dataset [Clean]\grayscaled_resized_lesions_2\g_img516.jpg,1
464,C:\Users\Irfan\Documents\Python\FYPSkinMeasure\Dataset [Clean]\grayscaled_resized_lesions_2\g_img517.jpg,1
465,C:\Users\Irfan\Documents\Python\FYPSkinMeasure\Dataset [Clean]\grayscaled_resized_lesions_2\g_img518.jpg,1
466,C:\Users\Irfan\Documents\Python\FYPSkinMeasure\Dataset [Clean]\grayscaled_resized_lesions_2\g_img519.jpg,1
467,C:\Users\Irfan\Documents\Python\FYPSkinMeasure\Dataset [Clean]\grayscaled_resized_lesions_2\g_img52.jpg,1
468,C:\Users\Irfan\Documents\Python\FYPSkinMeasure\Dataset [Clean]\grayscaled_resized_lesions_2\g_img520.jpg,1
469,C:\Users\Irfan\Documents\Python\FYPSkinMeasure\Dataset [Clean]\grayscaled_resized_lesions_2\g_img521.jpg,1
470,C:\Users\Irfan\Documents\Python\FYPSkinMeasure\Dataset [Clean]\grayscaled_resized_lesions_2\g_img522.jpg,1
471,C:\Users\Irfan\Documents\Python\FYPSkinMeasure\Dataset [Clean]\grayscaled_resized_lesions_2\g_img523.jpg,1
472,C:\Users\Irfan\Documents\Python\FYPSkinMeasure\Dataset [Clean]\grayscaled_resized_lesions_2\g_img524.jpg,1
473,C:\Users\Irfan\Documents\Python\FYPSkinMeasure\Dataset [Clean]\grayscaled_resized_lesions_2\g_img525.jpg,1
474,C:\Users\Irfan\Documents\Python\FYPSkinMeasure\Dataset [Clean]\grayscaled_resized_lesions_2\g_img526.jpg,1
475,C:\Users\Irfan\Documents\Python\FYPSkinMeasure\Dataset [Clean]\grayscaled_resized_lesions_2\g_img527.jpg,1
476,C:\Users\Irfan\Documents\Python\FYPSkinMeasure\Dataset [Clean]\grayscaled_resized_lesions_2\g_img528.jpg,1
477,C:\Users\Irfan\Documents\Python\FYPSkinMeasure\Dataset [Clean]\grayscaled_resized_lesions_2\g_img529.jpg,1
478,C:\Users\Irfan\Documents\Python\FYPSkinMeasure\Dataset [Clean]\grayscaled_resized_lesions_2\g_img53.jpg,1
479,C:\Users\Irfan\Documents\Python\FYPSkinMeasure\Dataset [Clean]\grayscaled_resized_lesions_2\g_img530.jpg,1
480,C:\Users\Irfan\Documents\Python\FYPSkinMeasure\Dataset [Clean]\grayscaled_resized_lesions_2\g_img531.jpg,1
481,C:\Users\Irfan\Documents\Python\FYPSkinMeasure\Dataset [Clean]\grayscaled_resized_lesions_2\g_img532.jpg,1
482,C:\Users\Irfan\Documents\Python\FYPSkinMeasure\Dataset [Clean]\grayscaled_resized_lesions_2\g_img533.jpg,1
483,C:\Users\Irfan\Documents\Python\FYPSkinMeasure\Dataset [Clean]\grayscaled_resized_lesions_2\g_img534.jpg,1
484,C:\Users\Irfan\Documents\Python\FYPSkinMeasure\Dataset [Clean]\grayscaled_resized_lesions_2\g_img535.jpg,1
485,C:\Users\Irfan\Documents\Python\FYPSkinMeasure\Dataset [Clean]\grayscaled_resized_lesions_2\g_img536.jpg,1
486,C:\Users\Irfan\Documents\Python\FYPSkinMeasure\Dataset [Clean]\grayscaled_resized_lesions_2\g_img537.jpg,1
487,C:\Users\Irfan\Documents\Python\FYPSkinMeasure\Dataset [Clean]\grayscaled_resized_lesions_2\g_img538.jpg,1
488,C:\Users\Irfan\Documents\Python\FYPSkinMeasure\Dataset [Clean]\grayscaled_resized_lesions_2\g_img539.jpg,1
489,C:\Users\Irfan\Documents\Python\FYPSkinMeasure\Dataset [Clean]\grayscaled_resized_lesions_2\g_img54.jpg,1
490,C:\Users\Irfan\Documents\Python\FYPSkinMeasure\Dataset [Clean]\grayscaled_resized_lesions_2\g_img540.jpg,1
491,C:\Users\Irfan\Documents\Python\FYPSkinMeasure\Dataset [Clean]\grayscaled_resized_lesions_2\g_img541.jpg,1
492,C:\Users\Irfan\Documents\Python\FYPSkinMeasure\Dataset [Clean]\grayscaled_resized_lesions_2\g_img542.jpg,1
493,C:\Users\Irfan\Documents\Python\FYPSkinMeasure\Dataset [Clean]\grayscaled_resized_lesions_2\g_img543.jpg,1
494,C:\Users\Irfan\Documents\Python\FYPSkinMeasure\Dataset [Clean]\grayscaled_resized_lesions_2\g_img544.jpg,1
495,C:\Users\Irfan\Documents\Python\FYPSkinMeasure\Dataset [Clean]\grayscaled_resized_lesions_2\g_img545.jpg,1
496,C:\Users\Irfan\Documents\Python\FYPSkinMeasure\Dataset [Clean]\grayscaled_resized_lesions_2\g_img546.jpg,1
497,C:\Users\Irfan\Documents\Python\FYPSkinMeasure\Dataset [Clean]\grayscaled_resized_lesions_2\g_img547.jpg,1
498,C:\Users\Irfan\Documents\Python\FYPSkinMeasure\Dataset [Clean]\grayscaled_resized_lesions_2\g_img548.jpg,1
499,C:\Users\Irfan\Documents\Python\FYPSkinMeasure\Dataset [Clean]\grayscaled_resized_lesions_2\g_img549.jpg,1
500,C:\Users\Irfan\Documents\Python\FYPSkinMeasure\Dataset [Clean]\grayscaled_resized_lesions_2\g_img55.jpg,1
501,C:\Users\Irfan\Documents\Python\FYPSkinMeasure\Dataset [Clean]\grayscaled_resized_lesions_2\g_img550.jpg,1
502,C:\Users\Irfan\Documents\Python\FYPSkinMeasure\Dataset [Clean]\grayscaled_resized_lesions_2\g_img551.jpg,1
503,C:\Users\Irfan\Documents\Python\FYPSkinMeasure\Dataset [Clean]\grayscaled_resized_lesions_2\g_img552.jpg,1
504,C:\Users\Irfan\Documents\Python\FYPSkinMeasure\Dataset [Clean]\grayscaled_resized_lesions_2\g_img553.jpg,1
505,C:\Users\Irfan\Documents\Python\FYPSkinMeasure\Dataset [Clean]\grayscaled_resized_lesions_2\g_img554.jpg,1
506,C:\Users\Irfan\Documents\Python\FYPSkinMeasure\Dataset [Clean]\grayscaled_resized_lesions_2\g_img555.jpg,1
507,C:\Users\Irfan\Documents\Python\FYPSkinMeasure\Dataset [Clean]\grayscaled_resized_lesions_2\g_img556.jpg,1
508,C:\Users\Irfan\Documents\Python\FYPSkinMeasure\Dataset [Clean]\grayscaled_resized_lesions_2\g_img557.jpg,1
509,C:\Users\Irfan\Documents\Python\FYPSkinMeasure\Dataset [Clean]\grayscaled_resized_lesions_2\g_img558.jpg,1
510,C:\Users\Irfan\Documents\Python\FYPSkinMeasure\Dataset [Clean]\grayscaled_resized_lesions_2\g_img559.jpg,1
511,C:\Users\Irfan\Documents\Python\FYPSkinMeasure\Dataset [Clean]\grayscaled_resized_lesions_2\g_img56.jpg,1
512,C:\Users\Irfan\Documents\Python\FYPSkinMeasure\Dataset [Clean]\grayscaled_resized_lesions_2\g_img560.jpg,1
513,C:\Users\Irfan\Documents\Python\FYPSkinMeasure\Dataset [Clean]\grayscaled_resized_lesions_2\g_img561.jpg,1
514,C:\Users\Irfan\Documents\Python\FYPSkinMeasure\Dataset [Clean]\grayscaled_resized_lesions_2\g_img562.jpg,1
515,C:\Users\Irfan\Documents\Python\FYPSkinMeasure\Dataset [Clean]\grayscaled_resized_lesions_2\g_img563.jpg,1
516,C:\Users\Irfan\Documents\Python\FYPSkinMeasure\Dataset [Clean]\grayscaled_resized_lesions_2\g_img564.jpg,1
517,C:\Users\Irfan\Documents\Python\FYPSkinMeasure\Dataset [Clean]\grayscaled_resized_lesions_2\g_img565.jpg,1
518,C:\Users\Irfan\Documents\Python\FYPSkinMeasure\Dataset [Clean]\grayscaled_resized_lesions_2\g_img566.jpg,1
519,C:\Users\Irfan\Documents\Python\FYPSkinMeasure\Dataset [Clean]\grayscaled_resized_lesions_2\g_img567.jpg,1
520,C:\Users\Irfan\Documents\Python\FYPSkinMeasure\Dataset [Clean]\grayscaled_resized_lesions_2\g_img568.jpg,1
521,C:\Users\Irfan\Documents\Python\FYPSkinMeasure\Dataset [Clean]\grayscaled_resized_lesions_2\g_img569.jpg,1
522,C:\Users\Irfan\Documents\Python\FYPSkinMeasure\Dataset [Clean]\grayscaled_resized_lesions_2\g_img57.jpg,1
523,C:\Users\Irfan\Documents\Python\FYPSkinMeasure\Dataset [Clean]\grayscaled_resized_lesions_2\g_img570.jpg,1
524,C:\Users\Irfan\Documents\Python\FYPSkinMeasure\Dataset [Clean]\grayscaled_resized_lesions_2\g_img571.jpg,1
525,C:\Users\Irfan\Documents\Python\FYPSkinMeasure\Dataset [Clean]\grayscaled_resized_lesions_2\g_img572.jpg,1
526,C:\Users\Irfan\Documents\Python\FYPSkinMeasure\Dataset [Clean]\grayscaled_resized_lesions_2\g_img573.jpg,1
527,C:\Users\Irfan\Documents\Python\FYPSkinMeasure\Dataset [Clean]\grayscaled_resized_lesions_2\g_img574.jpg,1
528,C:\Users\Irfan\Documents\Python\FYPSkinMeasure\Dataset [Clean]\grayscaled_resized_lesions_2\g_img575.jpg,1
529,C:\Users\Irfan\Documents\Python\FYPSkinMeasure\Dataset [Clean]\grayscaled_resized_lesions_2\g_img576.jpg,1
530,C:\Users\Irfan\Documents\Python\FYPSkinMeasure\Dataset [Clean]\grayscaled_resized_lesions_2\g_img577.jpg,1
531,C:\Users\Irfan\Documents\Python\FYPSkinMeasure\Dataset [Clean]\grayscaled_resized_lesions_2\g_img578.jpg,1
532,C:\Users\Irfan\Documents\Python\FYPSkinMeasure\Dataset [Clean]\grayscaled_resized_lesions_2\g_img579.jpg,1
533,C:\Users\Irfan\Documents\Python\FYPSkinMeasure\Dataset [Clean]\grayscaled_resized_lesions_2\g_img58.jpg,1
534,C:\Users\Irfan\Documents\Python\FYPSkinMeasure\Dataset [Clean]\grayscaled_resized_lesions_2\g_img580.jpg,1
535,C:\Users\Irfan\Documents\Python\FYPSkinMeasure\Dataset [Clean]\grayscaled_resized_lesions_2\g_img581.jpg,1
536,C:\Users\Irfan\Documents\Python\FYPSkinMeasure\Dataset [Clean]\grayscaled_resized_lesions_2\g_img582.jpg,1
537,C:\Users\Irfan\Documents\Python\FYPSkinMeasure\Dataset [Clean]\grayscaled_resized_lesions_2\g_img583.jpg,1
538,C:\Users\Irfan\Documents\Python\FYPSkinMeasure\Dataset [Clean]\grayscaled_resized_lesions_2\g_img584.jpg,1
539,C:\Users\Irfan\Documents\Python\FYPSkinMeasure\Dataset [Clean]\grayscaled_resized_lesions_2\g_img585.jpg,1
540,C:\Users\Irfan\Documents\Python\FYPSkinMeasure\Dataset [Clean]\grayscaled_resized_lesions_2\g_img586.jpg,1
541,C:\Users\Irfan\Documents\Python\FYPSkinMeasure\Dataset [Clean]\grayscaled_resized_lesions_2\g_img587.jpg,1
542,C:\Users\Irfan\Documents\Python\FYPSkinMeasure\Dataset [Clean]\grayscaled_resized_lesions_2\g_img588.jpg,1
543,C:\Users\Irfan\Documents\Python\FYPSkinMeasure\Dataset [Clean]\grayscaled_resized_lesions_2\g_img589.jpg,1
544,C:\Users\Irfan\Documents\Python\FYPSkinMeasure\Dataset [Clean]\grayscaled_resized_lesions_2\g_img59.jpg,1
545,C:\Users\Irfan\Documents\Python\FYPSkinMeasure\Dataset [Clean]\grayscaled_resized_lesions_2\g_img590.jpg,1
546,C:\Users\Irfan\Documents\Python\FYPSkinMeasure\Dataset [Clean]\grayscaled_resized_lesions_2\g_img591.jpg,1
547,C:\Users\Irfan\Documents\Python\FYPSkinMeasure\Dataset [Clean]\grayscaled_resized_lesions_2\g_img592.jpg,1
548,C:\Users\Irfan\Documents\Python\FYPSkinMeasure\Dataset [Clean]\grayscaled_resized_lesions_2\g_img593.jpg,1
549,C:\Users\Irfan\Documents\Python\FYPSkinMeasure\Dataset [Clean]\grayscaled_resized_lesions_2\g_img594.jpg,1
550,C:\Users\Irfan\Documents\Python\FYPSkinMeasure\Dataset [Clean]\grayscaled_resized_lesions_2\g_img595.jpg,1
551,C:\Users\Irfan\Documents\Python\FYPSkinMeasure\Dataset [Clean]\grayscaled_resized_lesions_2\g_img596.jpg,1
552,C:\Users\Irfan\Documents\Python\FYPSkinMeasure\Dataset [Clean]\grayscaled_resized_lesions_2\g_img597.jpg,1
553,C:\Users\Irfan\Documents\Python\FYPSkinMeasure\Dataset [Clean]\grayscaled_resized_lesions_2\g_img598.jpg,1
554,C:\Users\Irfan\Documents\Python\FYPSkinMeasure\Dataset [Clean]\grayscaled_resized_lesions_2\g_img599.jpg,1
555,C:\Users\Irfan\Documents\Python\FYPSkinMeasure\Dataset [Clean]\grayscaled_resized_lesions_2\g_img6.jpg,1
556,C:\Users\Irfan\Documents\Python\FYPSkinMeasure\Dataset [Clean]\grayscaled_resized_lesions_2\g_img60.jpg,1
557,C:\Users\Irfan\Documents\Python\FYPSkinMeasure\Dataset [Clean]\grayscaled_resized_lesions_2\g_img600.jpg,1
558,C:\Users\Irfan\Documents\Python\FYPSkinMeasure\Dataset [Clean]\grayscaled_resized_lesions_2\g_img61.jpg,1
559,C:\Users\Irfan\Documents\Python\FYPSkinMeasure\Dataset [Clean]\grayscaled_resized_lesions_2\g_img62.jpg,1
560,C:\Users\Irfan\Documents\Python\FYPSkinMeasure\Dataset [Clean]\grayscaled_resized_lesions_2\g_img63.jpg,1
561,C:\Users\Irfan\Documents\Python\FYPSkinMeasure\Dataset [Clean]\grayscaled_resized_lesions_2\g_img64.jpg,1
562,C:\Users\Irfan\Documents\Python\FYPSkinMeasure\Dataset [Clean]\grayscaled_resized_lesions_2\g_img65.jpg,1
563,C:\Users\Irfan\Documents\Python\FYPSkinMeasure\Dataset [Clean]\grayscaled_resized_lesions_2\g_img66.jpg,1
564,C:\Users\Irfan\Documents\Python\FYPSkinMeasure\Dataset [Clean]\grayscaled_resized_lesions_2\g_img67.jpg,1
565,C:\Users\Irfan\Documents\Python\FYPSkinMeasure\Dataset [Clean]\grayscaled_resized_lesions_2\g_img68.jpg,1
566,C:\Users\Irfan\Documents\Python\FYPSkinMeasure\Dataset [Clean]\grayscaled_resized_lesions_2\g_img69.jpg,1
567,C:\Users\Irfan\Documents\Python\FYPSkinMeasure\Dataset [Clean]\grayscaled_resized_lesions_2\g_img7.jpg,1
568,C:\Users\Irfan\Documents\Python\FYPSkinMeasure\Dataset [Clean]\grayscaled_resized_lesions_2\g_img70.jpg,1
569,C:\Users\Irfan\Documents\Python\FYPSkinMeasure\Dataset [Clean]\grayscaled_resized_lesions_2\g_img71.jpg,1
570,C:\Users\Irfan\Documents\Python\FYPSkinMeasure\Dataset [Clean]\grayscaled_resized_lesions_2\g_img72.jpg,1
571,C:\Users\Irfan\Documents\Python\FYPSkinMeasure\Dataset [Clean]\grayscaled_resized_lesions_2\g_img73.jpg,1
572,C:\Users\Irfan\Documents\Python\FYPSkinMeasure\Dataset [Clean]\grayscaled_resized_lesions_2\g_img74.jpg,1
573,C:\Users\Irfan\Documents\Python\FYPSkinMeasure\Dataset [Clean]\grayscaled_resized_lesions_2\g_img75.jpg,1
574,C:\Users\Irfan\Documents\Python\FYPSkinMeasure\Dataset [Clean]\grayscaled_resized_lesions_2\g_img76.jpg,1
575,C:\Users\Irfan\Documents\Python\FYPSkinMeasure\Dataset [Clean]\grayscaled_resized_lesions_2\g_img77.jpg,1
576,C:\Users\Irfan\Documents\Python\FYPSkinMeasure\Dataset [Clean]\grayscaled_resized_lesions_2\g_img78.jpg,1
577,C:\Users\Irfan\Documents\Python\FYPSkinMeasure\Dataset [Clean]\grayscaled_resized_lesions_2\g_img79.jpg,1
578,C:\Users\Irfan\Documents\Python\FYPSkinMeasure\Dataset [Clean]\grayscaled_resized_lesions_2\g_img8.jpg,1
579,C:\Users\Irfan\Documents\Python\FYPSkinMeasure\Dataset [Clean]\grayscaled_resized_lesions_2\g_img80.jpg,1
580,C:\Users\Irfan\Documents\Python\FYPSkinMeasure\Dataset [Clean]\grayscaled_resized_lesions_2\g_img81.jpg,1
581,C:\Users\Irfan\Documents\Python\FYPSkinMeasure\Dataset [Clean]\grayscaled_resized_lesions_2\g_img82.jpg,1
582,C:\Users\Irfan\Documents\Python\FYPSkinMeasure\Dataset [Clean]\grayscaled_resized_lesions_2\g_img83.jpg,1
583,C:\Users\Irfan\Documents\Python\FYPSkinMeasure\Dataset [Clean]\grayscaled_resized_lesions_2\g_img84.jpg,1
584,C:\Users\Irfan\Documents\Python\FYPSkinMeasure\Dataset [Clean]\grayscaled_resized_lesions_2\g_img85.jpg,1
585,C:\Users\Irfan\Documents\Python\FYPSkinMeasure\Dataset [Clean]\grayscaled_resized_lesions_2\g_img86.jpg,1
586,C:\Users\Irfan\Documents\Python\FYPSkinMeasure\Dataset [Clean]\grayscaled_resized_lesions_2\g_img87.jpg,1
587,C:\Users\Irfan\Documents\Python\FYPSkinMeasure\Dataset [Clean]\grayscaled_resized_lesions_2\g_img88.jpg,1
588,C:\Users\Irfan\Documents\Python\FYPSkinMeasure\Dataset [Clean]\grayscaled_resized_lesions_2\g_img89.jpg,1
589,C:\Users\Irfan\Documents\Python\FYPSkinMeasure\Dataset [Clean]\grayscaled_resized_lesions_2\g_img9.jpg,1
590,C:\Users\Irfan\Documents\Python\FYPSkinMeasure\Dataset [Clean]\grayscaled_resized_lesions_2\g_img90.jpg,1
591,C:\Users\Irfan\Documents\Python\FYPSkinMeasure\Dataset [Clean]\grayscaled_resized_lesions_2\g_img91.jpg,1
592,C:\Users\Irfan\Documents\Python\FYPSkinMeasure\Dataset [Clean]\grayscaled_resized_lesions_2\g_img92.jpg,1
593,C:\Users\Irfan\Documents\Python\FYPSkinMeasure\Dataset [Clean]\grayscaled_resized_lesions_2\g_img93.jpg,1
594,C:\Users\Irfan\Documents\Python\FYPSkinMeasure\Dataset [Clean]\grayscaled_resized_lesions_2\g_img94.jpg,1
595,C:\Users\Irfan\Documents\Python\FYPSkinMeasure\Dataset [Clean]\grayscaled_resized_lesions_2\g_img95.jpg,1
596,C:\Users\Irfan\Documents\Python\FYPSkinMeasure\Dataset [Clean]\grayscaled_resized_lesions_2\g_img96.jpg,1
597,C:\Users\Irfan\Documents\Python\FYPSkinMeasure\Dataset [Clean]\grayscaled_resized_lesions_2\g_img97.jpg,1
598,C:\Users\Irfan\Documents\Python\FYPSkinMeasure\Dataset [Clean]\grayscaled_resized_lesions_2\g_img98.jpg,1
599,C:\Users\Irfan\Documents\Python\FYPSkinMeasure\Dataset [Clean]\grayscaled_resized_lesions_2\g_img99.jpg,1
